DATAFLOW,LAST UPDATE,freq,unit,na_item,geo,TIME_PERIOD,OBS_VALUE,OBS_FLAG
ESTAT:TESEM040(1.0),17/03/23 23:00:00,A,PCH_PRE_PER,EMP_DC,AT,2005,1.2,
ESTAT:TESEM040(1.0),17/03/23 23:00:00,A,PCH_PRE_PER,EMP_DC,AT,2006,1.8,
ESTAT:TESEM040(1.0),17/03/23 23:00:00,A,PCH_PRE_PER,EMP_DC,AT,2007,1.8,
ESTAT:TESEM040(1.0),17/03/23 23:00:00,A,PCH_PRE_PER,EMP_DC,AT,2008,1.9,
ESTAT:TESEM040(1.0),17/03/23 23:00:00,A,PCH_PRE_PER,EMP_DC,AT,2009,-0.5,
ESTAT:TESEM040(1.0),17/03/23 23:00:00,A,PCH_PRE_PER,EMP_DC,AT,2010,0.8,
ESTAT:TESEM040(1.0),17/03/23 23:00:00,A,PCH_PRE_PER,EMP_DC,AT,2011,1.6,
ESTAT:TESEM040(1.0),17/03/23 23:00:00,A,PCH_PRE_PER,EMP_DC,AT,2012,1.0,
ESTAT:TESEM040(1.0),17/03/23 23:00:00,A,PCH_PRE_PER,EMP_DC,AT,2013,0.3,
ESTAT:TESEM040(1.0),17/03/23 23:00:00,A,PCH_PRE_PER,EMP_DC,AT,2014,1.0,
ESTAT:TESEM040(1.0),17/03/23 23:00:00,A,PCH_PRE_PER,EMP_DC,AT,2015,0.6,
ESTAT:TESEM040(1.0),17/03/23 23:00:00,A,PCH_PRE_PER,EMP_DC,AT,2016,1.3,
ESTAT:TESEM040(1.0),17/03/23 23:00:00,A,PCH_PRE_PER,EMP_DC,AT,2017,1.6,
ESTAT:TESEM040(1.0),17/03/23 23:00:00,A,PCH_PRE_PER,EMP_DC,AT,2018,1.7,
ESTAT:TESEM040(1.0),17/03/23 23:00:00,A,PCH_PRE_PER,EMP_DC,AT,2019,1.1,
ESTAT:TESEM040(1.0),17/03/23 23:00:00,A,PCH_PRE_PER,EMP_DC,AT,2020,-1.6,
ESTAT:TESEM040(1.0),17/03/23 23:00:00,A,PCH_PRE_PER,EMP_DC,AT,2021,2.0,
ESTAT:TESEM040(1.0),17/03/23 23:00:00,A,PCH_PRE_PER,EMP_DC,AT,2022,2.6,
ESTAT:TESEM040(1.0),17/03/23 23:00:00,A,PCH_PRE_PER,EMP_DC,BE,2005,1.4,
ESTAT:TESEM040(1.0),17/03/23 23:00:00,A,PCH_PRE_PER,EMP_DC,BE,2006,1.1,
ESTAT:TESEM040(1.0),17/03/23 23:00:00,A,PCH_PRE_PER,EMP_DC,BE,2007,1.7,
ESTAT:TESEM040(1.0),17/03/23 23:00:00,A,PCH_PRE_PER,EMP_DC,BE,2008,1.8,
ESTAT:TESEM040(1.0),17/03/23 23:00:00,A,PCH_PRE_PER,EMP_DC,BE,2009,-0.2,
ESTAT:TESEM040(1.0),17/03/23 23:00:00,A,PCH_PRE_PER,EMP_DC,BE,2010,0.6,
ESTAT:TESEM040(1.0),17/03/23 23:00:00,A,PCH_PRE_PER,EMP_DC,BE,2011,1.3,
ESTAT:TESEM040(1.0),17/03/23 23:00:00,A,PCH_PRE_PER,EMP_DC,BE,2012,0.4,
ESTAT:TESEM040(1.0),17/03/23 23:00:00,A,PCH_PRE_PER,EMP_DC,BE,2013,-0.3,
ESTAT:TESEM040(1.0),17/03/23 23:00:00,A,PCH_PRE_PER,EMP_DC,BE,2014,0.4,
ESTAT:TESEM040(1.0),17/03/23 23:00:00,A,PCH_PRE_PER,EMP_DC,BE,2015,0.9,
ESTAT:TESEM040(1.0),17/03/23 23:00:00,A,PCH_PRE_PER,EMP_DC,BE,2016,1.3,
ESTAT:TESEM040(1.0),17/03/23 23:00:00,A,PCH_PRE_PER,EMP_DC,BE,2017,1.6,
ESTAT:TESEM040(1.0),17/03/23 23:00:00,A,PCH_PRE_PER,EMP_DC,BE,2018,1.5,
ESTAT:TESEM040(1.0),17/03/23 23:00:00,A,PCH_PRE_PER,EMP_DC,BE,2019,1.6,
ESTAT:TESEM040(1.0),17/03/23 23:00:00,A,PCH_PRE_PER,EMP_DC,BE,2020,0.1,p
ESTAT:TESEM040(1.0),17/03/23 23:00:00,A,PCH_PRE_PER,EMP_DC,BE,2021,1.9,p
ESTAT:TESEM040(1.0),17/03/23 23:00:00,A,PCH_PRE_PER,EMP_DC,BE,2022,2.0,p
ESTAT:TESEM040(1.0),17/03/23 23:00:00,A,PCH_PRE_PER,EMP_DC,BG,2005,2.7,
ESTAT:TESEM040(1.0),17/03/23 23:00:00,A,PCH_PRE_PER,EMP_DC,BG,2006,3.3,
ESTAT:TESEM040(1.0),17/03/23 23:00:00,A,PCH_PRE_PER,EMP_DC,BG,2007,3.2,
ESTAT:TESEM040(1.0),17/03/23 23:00:00,A,PCH_PRE_PER,EMP_DC,BG,2008,2.4,
ESTAT:TESEM040(1.0),17/03/23 23:00:00,A,PCH_PRE_PER,EMP_DC,BG,2009,-1.7,
ESTAT:TESEM040(1.0),17/03/23 23:00:00,A,PCH_PRE_PER,EMP_DC,BG,2010,-3.9,
ESTAT:TESEM040(1.0),17/03/23 23:00:00,A,PCH_PRE_PER,EMP_DC,BG,2011,-2.2,
ESTAT:TESEM040(1.0),17/03/23 23:00:00,A,PCH_PRE_PER,EMP_DC,BG,2012,-2.5,
ESTAT:TESEM040(1.0),17/03/23 23:00:00,A,PCH_PRE_PER,EMP_DC,BG,2013,-0.4,
ESTAT:TESEM040(1.0),17/03/23 23:00:00,A,PCH_PRE_PER,EMP_DC,BG,2014,0.4,
ESTAT:TESEM040(1.0),17/03/23 23:00:00,A,PCH_PRE_PER,EMP_DC,BG,2015,0.4,
ESTAT:TESEM040(1.0),17/03/23 23:00:00,A,PCH_PRE_PER,EMP_DC,BG,2016,0.5,
ESTAT:TESEM040(1.0),17/03/23 23:00:00,A,PCH_PRE_PER,EMP_DC,BG,2017,1.8,
ESTAT:TESEM040(1.0),17/03/23 23:00:00,A,PCH_PRE_PER,EMP_DC,BG,2018,-0.1,
ESTAT:TESEM040(1.0),17/03/23 23:00:00,A,PCH_PRE_PER,EMP_DC,BG,2019,0.3,
ESTAT:TESEM040(1.0),17/03/23 23:00:00,A,PCH_PRE_PER,EMP_DC,BG,2020,-2.3,
ESTAT:TESEM040(1.0),17/03/23 23:00:00,A,PCH_PRE_PER,EMP_DC,BG,2021,0.2,
ESTAT:TESEM040(1.0),17/03/23 23:00:00,A,PCH_PRE_PER,EMP_DC,BG,2022,1.3,p
ESTAT:TESEM040(1.0),17/03/23 23:00:00,A,PCH_PRE_PER,EMP_DC,CH,2005,0.7,
ESTAT:TESEM040(1.0),17/03/23 23:00:00,A,PCH_PRE_PER,EMP_DC,CH,2006,2.2,
ESTAT:TESEM040(1.0),17/03/23 23:00:00,A,PCH_PRE_PER,EMP_DC,CH,2007,2.6,
ESTAT:TESEM040(1.0),17/03/23 23:00:00,A,PCH_PRE_PER,EMP_DC,CH,2008,2.4,
ESTAT:TESEM040(1.0),17/03/23 23:00:00,A,PCH_PRE_PER,EMP_DC,CH,2009,0.5,
ESTAT:TESEM040(1.0),17/03/23 23:00:00,A,PCH_PRE_PER,EMP_DC,CH,2010,0.3,
ESTAT:TESEM040(1.0),17/03/23 23:00:00,A,PCH_PRE_PER,EMP_DC,CH,2011,2.6,
ESTAT:TESEM040(1.0),17/03/23 23:00:00,A,PCH_PRE_PER,EMP_DC,CH,2012,1.8,
ESTAT:TESEM040(1.0),17/03/23 23:00:00,A,PCH_PRE_PER,EMP_DC,CH,2013,1.2,
ESTAT:TESEM040(1.0),17/03/23 23:00:00,A,PCH_PRE_PER,EMP_DC,CH,2014,1.9,
ESTAT:TESEM040(1.0),17/03/23 23:00:00,A,PCH_PRE_PER,EMP_DC,CH,2015,1.5,
ESTAT:TESEM040(1.0),17/03/23 23:00:00,A,PCH_PRE_PER,EMP_DC,CH,2016,1.4,
ESTAT:TESEM040(1.0),17/03/23 23:00:00,A,PCH_PRE_PER,EMP_DC,CH,2017,0.9,
ESTAT:TESEM040(1.0),17/03/23 23:00:00,A,PCH_PRE_PER,EMP_DC,CH,2018,1.0,
ESTAT:TESEM040(1.0),17/03/23 23:00:00,A,PCH_PRE_PER,EMP_DC,CH,2019,0.7,
ESTAT:TESEM040(1.0),17/03/23 23:00:00,A,PCH_PRE_PER,EMP_DC,CH,2020,-0.5,
ESTAT:TESEM040(1.0),17/03/23 23:00:00,A,PCH_PRE_PER,EMP_DC,CH,2021,0.6,
ESTAT:TESEM040(1.0),17/03/23 23:00:00,A,PCH_PRE_PER,EMP_DC,CH,2022,1.5,
ESTAT:TESEM040(1.0),17/03/23 23:00:00,A,PCH_PRE_PER,EMP_DC,CY,2005,3.6,
ESTAT:TESEM040(1.0),17/03/23 23:00:00,A,PCH_PRE_PER,EMP_DC,CY,2006,1.9,
ESTAT:TESEM040(1.0),17/03/23 23:00:00,A,PCH_PRE_PER,EMP_DC,CY,2007,4.4,
ESTAT:TESEM040(1.0),17/03/23 23:00:00,A,PCH_PRE_PER,EMP_DC,CY,2008,3.5,
ESTAT:TESEM040(1.0),17/03/23 23:00:00,A,PCH_PRE_PER,EMP_DC,CY,2009,0.0,
ESTAT:TESEM040(1.0),17/03/23 23:00:00,A,PCH_PRE_PER,EMP_DC,CY,2010,0.6,
ESTAT:TESEM040(1.0),17/03/23 23:00:00,A,PCH_PRE_PER,EMP_DC,CY,2011,0.3,
ESTAT:TESEM040(1.0),17/03/23 23:00:00,A,PCH_PRE_PER,EMP_DC,CY,2012,-3.5,
ESTAT:TESEM040(1.0),17/03/23 23:00:00,A,PCH_PRE_PER,EMP_DC,CY,2013,-5.6,
ESTAT:TESEM040(1.0),17/03/23 23:00:00,A,PCH_PRE_PER,EMP_DC,CY,2014,-2.0,
ESTAT:TESEM040(1.0),17/03/23 23:00:00,A,PCH_PRE_PER,EMP_DC,CY,2015,1.6,
ESTAT:TESEM040(1.0),17/03/23 23:00:00,A,PCH_PRE_PER,EMP_DC,CY,2016,4.7,
ESTAT:TESEM040(1.0),17/03/23 23:00:00,A,PCH_PRE_PER,EMP_DC,CY,2017,5.4,
ESTAT:TESEM040(1.0),17/03/23 23:00:00,A,PCH_PRE_PER,EMP_DC,CY,2018,5.3,
ESTAT:TESEM040(1.0),17/03/23 23:00:00,A,PCH_PRE_PER,EMP_DC,CY,2019,3.8,
ESTAT:TESEM040(1.0),17/03/23 23:00:00,A,PCH_PRE_PER,EMP_DC,CY,2020,-1.2,
ESTAT:TESEM040(1.0),17/03/23 23:00:00,A,PCH_PRE_PER,EMP_DC,CY,2021,1.3,p
ESTAT:TESEM040(1.0),17/03/23 23:00:00,A,PCH_PRE_PER,EMP_DC,CY,2022,2.9,p
ESTAT:TESEM040(1.0),17/03/23 23:00:00,A,PCH_PRE_PER,EMP_DC,CZ,2005,1.9,
ESTAT:TESEM040(1.0),17/03/23 23:00:00,A,PCH_PRE_PER,EMP_DC,CZ,2006,1.3,
ESTAT:TESEM040(1.0),17/03/23 23:00:00,A,PCH_PRE_PER,EMP_DC,CZ,2007,2.1,
ESTAT:TESEM040(1.0),17/03/23 23:00:00,A,PCH_PRE_PER,EMP_DC,CZ,2008,2.2,
ESTAT:TESEM040(1.0),17/03/23 23:00:00,A,PCH_PRE_PER,EMP_DC,CZ,2009,-1.8,
ESTAT:TESEM040(1.0),17/03/23 23:00:00,A,PCH_PRE_PER,EMP_DC,CZ,2010,-1.0,
ESTAT:TESEM040(1.0),17/03/23 23:00:00,A,PCH_PRE_PER,EMP_DC,CZ,2011,-0.3,
ESTAT:TESEM040(1.0),17/03/23 23:00:00,A,PCH_PRE_PER,EMP_DC,CZ,2012,0.4,
ESTAT:TESEM040(1.0),17/03/23 23:00:00,A,PCH_PRE_PER,EMP_DC,CZ,2013,0.3,
ESTAT:TESEM040(1.0),17/03/23 23:00:00,A,PCH_PRE_PER,EMP_DC,CZ,2014,0.6,
ESTAT:TESEM040(1.0),17/03/23 23:00:00,A,PCH_PRE_PER,EMP_DC,CZ,2015,1.4,
ESTAT:TESEM040(1.0),17/03/23 23:00:00,A,PCH_PRE_PER,EMP_DC,CZ,2016,1.6,
ESTAT:TESEM040(1.0),17/03/23 23:00:00,A,PCH_PRE_PER,EMP_DC,CZ,2017,1.5,
ESTAT:TESEM040(1.0),17/03/23 23:00:00,A,PCH_PRE_PER,EMP_DC,CZ,2018,1.3,
ESTAT:TESEM040(1.0),17/03/23 23:00:00,A,PCH_PRE_PER,EMP_DC,CZ,2019,0.2,
ESTAT:TESEM040(1.0),17/03/23 23:00:00,A,PCH_PRE_PER,EMP_DC,CZ,2020,-1.7,
ESTAT:TESEM040(1.0),17/03/23 23:00:00,A,PCH_PRE_PER,EMP_DC,CZ,2021,0.4,
ESTAT:TESEM040(1.0),17/03/23 23:00:00,A,PCH_PRE_PER,EMP_DC,CZ,2022,1.7,
ESTAT:TESEM040(1.0),17/03/23 23:00:00,A,PCH_PRE_PER,EMP_DC,DE,2005,-0.1,
ESTAT:TESEM040(1.0),17/03/23 23:00:00,A,PCH_PRE_PER,EMP_DC,DE,2006,0.7,
ESTAT:TESEM040(1.0),17/03/23 23:00:00,A,PCH_PRE_PER,EMP_DC,DE,2007,1.7,
ESTAT:TESEM040(1.0),17/03/23 23:00:00,A,PCH_PRE_PER,EMP_DC,DE,2008,1.4,
ESTAT:TESEM040(1.0),17/03/23 23:00:00,A,PCH_PRE_PER,EMP_DC,DE,2009,0.2,
ESTAT:TESEM040(1.0),17/03/23 23:00:00,A,PCH_PRE_PER,EMP_DC,DE,2010,0.4,
ESTAT:TESEM040(1.0),17/03/23 23:00:00,A,PCH_PRE_PER,EMP_DC,DE,2011,1.2,
ESTAT:TESEM040(1.0),17/03/23 23:00:00,A,PCH_PRE_PER,EMP_DC,DE,2012,1.1,
ESTAT:TESEM040(1.0),17/03/23 23:00:00,A,PCH_PRE_PER,EMP_DC,DE,2013,0.8,
ESTAT:TESEM040(1.0),17/03/23 23:00:00,A,PCH_PRE_PER,EMP_DC,DE,2014,0.9,
ESTAT:TESEM040(1.0),17/03/23 23:00:00,A,PCH_PRE_PER,EMP_DC,DE,2015,0.9,
ESTAT:TESEM040(1.0),17/03/23 23:00:00,A,PCH_PRE_PER,EMP_DC,DE,2016,1.2,
ESTAT:TESEM040(1.0),17/03/23 23:00:00,A,PCH_PRE_PER,EMP_DC,DE,2017,1.4,
ESTAT:TESEM040(1.0),17/03/23 23:00:00,A,PCH_PRE_PER,EMP_DC,DE,2018,1.4,
ESTAT:TESEM040(1.0),17/03/23 23:00:00,A,PCH_PRE_PER,EMP_DC,DE,2019,0.9,p
ESTAT:TESEM040(1.0),17/03/23 23:00:00,A,PCH_PRE_PER,EMP_DC,DE,2020,-0.8,p
ESTAT:TESEM040(1.0),17/03/23 23:00:00,A,PCH_PRE_PER,EMP_DC,DE,2021,0.1,p
ESTAT:TESEM040(1.0),17/03/23 23:00:00,A,PCH_PRE_PER,EMP_DC,DE,2022,1.3,p
ESTAT:TESEM040(1.0),17/03/23 23:00:00,A,PCH_PRE_PER,EMP_DC,DK,2005,1.4,
ESTAT:TESEM040(1.0),17/03/23 23:00:00,A,PCH_PRE_PER,EMP_DC,DK,2006,2.3,
ESTAT:TESEM040(1.0),17/03/23 23:00:00,A,PCH_PRE_PER,EMP_DC,DK,2007,2.3,
ESTAT:TESEM040(1.0),17/03/23 23:00:00,A,PCH_PRE_PER,EMP_DC,DK,2008,1.2,
ESTAT:TESEM040(1.0),17/03/23 23:00:00,A,PCH_PRE_PER,EMP_DC,DK,2009,-3.1,
ESTAT:TESEM040(1.0),17/03/23 23:00:00,A,PCH_PRE_PER,EMP_DC,DK,2010,-2.3,
ESTAT:TESEM040(1.0),17/03/23 23:00:00,A,PCH_PRE_PER,EMP_DC,DK,2011,0.0,
ESTAT:TESEM040(1.0),17/03/23 23:00:00,A,PCH_PRE_PER,EMP_DC,DK,2012,-0.7,
ESTAT:TESEM040(1.0),17/03/23 23:00:00,A,PCH_PRE_PER,EMP_DC,DK,2013,0.0,
ESTAT:TESEM040(1.0),17/03/23 23:00:00,A,PCH_PRE_PER,EMP_DC,DK,2014,0.9,
ESTAT:TESEM040(1.0),17/03/23 23:00:00,A,PCH_PRE_PER,EMP_DC,DK,2015,1.4,
ESTAT:TESEM040(1.0),17/03/23 23:00:00,A,PCH_PRE_PER,EMP_DC,DK,2016,1.7,
ESTAT:TESEM040(1.0),17/03/23 23:00:00,A,PCH_PRE_PER,EMP_DC,DK,2017,1.5,
ESTAT:TESEM040(1.0),17/03/23 23:00:00,A,PCH_PRE_PER,EMP_DC,DK,2018,1.5,
ESTAT:TESEM040(1.0),17/03/23 23:00:00,A,PCH_PRE_PER,EMP_DC,DK,2019,1.4,
ESTAT:TESEM040(1.0),17/03/23 23:00:00,A,PCH_PRE_PER,EMP_DC,DK,2020,-1.1,
ESTAT:TESEM040(1.0),17/03/23 23:00:00,A,PCH_PRE_PER,EMP_DC,DK,2021,2.4,
ESTAT:TESEM040(1.0),17/03/23 23:00:00,A,PCH_PRE_PER,EMP_DC,DK,2022,3.9,
ESTAT:TESEM040(1.0),17/03/23 23:00:00,A,PCH_PRE_PER,EMP_DC,EA,2005,1.0,
ESTAT:TESEM040(1.0),17/03/23 23:00:00,A,PCH_PRE_PER,EMP_DC,EA,2006,1.7,
ESTAT:TESEM040(1.0),17/03/23 23:00:00,A,PCH_PRE_PER,EMP_DC,EA,2007,1.9,
ESTAT:TESEM040(1.0),17/03/23 23:00:00,A,PCH_PRE_PER,EMP_DC,EA,2008,0.8,
ESTAT:TESEM040(1.0),17/03/23 23:00:00,A,PCH_PRE_PER,EMP_DC,EA,2009,-1.7,
ESTAT:TESEM040(1.0),17/03/23 23:00:00,A,PCH_PRE_PER,EMP_DC,EA,2010,-0.5,
ESTAT:TESEM040(1.0),17/03/23 23:00:00,A,PCH_PRE_PER,EMP_DC,EA,2011,0.2,
ESTAT:TESEM040(1.0),17/03/23 23:00:00,A,PCH_PRE_PER,EMP_DC,EA,2012,-0.4,
ESTAT:TESEM040(1.0),17/03/23 23:00:00,A,PCH_PRE_PER,EMP_DC,EA,2013,-0.5,
ESTAT:TESEM040(1.0),17/03/23 23:00:00,A,PCH_PRE_PER,EMP_DC,EA,2014,0.7,
ESTAT:TESEM040(1.0),17/03/23 23:00:00,A,PCH_PRE_PER,EMP_DC,EA,2015,0.9,
ESTAT:TESEM040(1.0),17/03/23 23:00:00,A,PCH_PRE_PER,EMP_DC,EA,2016,1.4,
ESTAT:TESEM040(1.0),17/03/23 23:00:00,A,PCH_PRE_PER,EMP_DC,EA,2017,1.6,
ESTAT:TESEM040(1.0),17/03/23 23:00:00,A,PCH_PRE_PER,EMP_DC,EA,2018,1.6,
ESTAT:TESEM040(1.0),17/03/23 23:00:00,A,PCH_PRE_PER,EMP_DC,EA,2019,1.3,
ESTAT:TESEM040(1.0),17/03/23 23:00:00,A,PCH_PRE_PER,EMP_DC,EA,2020,-1.5,
ESTAT:TESEM040(1.0),17/03/23 23:00:00,A,PCH_PRE_PER,EMP_DC,EA,2021,1.4,
ESTAT:TESEM040(1.0),17/03/23 23:00:00,A,PCH_PRE_PER,EMP_DC,EA,2022,2.2,
ESTAT:TESEM040(1.0),17/03/23 23:00:00,A,PCH_PRE_PER,EMP_DC,EA19,2005,1.0,
ESTAT:TESEM040(1.0),17/03/23 23:00:00,A,PCH_PRE_PER,EMP_DC,EA19,2006,1.7,
ESTAT:TESEM040(1.0),17/03/23 23:00:00,A,PCH_PRE_PER,EMP_DC,EA19,2007,1.9,
ESTAT:TESEM040(1.0),17/03/23 23:00:00,A,PCH_PRE_PER,EMP_DC,EA19,2008,0.8,
ESTAT:TESEM040(1.0),17/03/23 23:00:00,A,PCH_PRE_PER,EMP_DC,EA19,2009,-1.9,
ESTAT:TESEM040(1.0),17/03/23 23:00:00,A,PCH_PRE_PER,EMP_DC,EA19,2010,-0.6,
ESTAT:TESEM040(1.0),17/03/23 23:00:00,A,PCH_PRE_PER,EMP_DC,EA19,2011,0.2,
ESTAT:TESEM040(1.0),17/03/23 23:00:00,A,PCH_PRE_PER,EMP_DC,EA19,2012,-0.4,
ESTAT:TESEM040(1.0),17/03/23 23:00:00,A,PCH_PRE_PER,EMP_DC,EA19,2013,-0.5,
ESTAT:TESEM040(1.0),17/03/23 23:00:00,A,PCH_PRE_PER,EMP_DC,EA19,2014,0.7,
ESTAT:TESEM040(1.0),17/03/23 23:00:00,A,PCH_PRE_PER,EMP_DC,EA19,2015,0.9,
ESTAT:TESEM040(1.0),17/03/23 23:00:00,A,PCH_PRE_PER,EMP_DC,EA19,2016,1.4,
ESTAT:TESEM040(1.0),17/03/23 23:00:00,A,PCH_PRE_PER,EMP_DC,EA19,2017,1.6,
ESTAT:TESEM040(1.0),17/03/23 23:00:00,A,PCH_PRE_PER,EMP_DC,EA19,2018,1.6,
ESTAT:TESEM040(1.0),17/03/23 23:00:00,A,PCH_PRE_PER,EMP_DC,EA19,2019,1.3,
ESTAT:TESEM040(1.0),17/03/23 23:00:00,A,PCH_PRE_PER,EMP_DC,EA19,2020,-1.5,
ESTAT:TESEM040(1.0),17/03/23 23:00:00,A,PCH_PRE_PER,EMP_DC,EA19,2021,1.4,
ESTAT:TESEM040(1.0),17/03/23 23:00:00,A,PCH_PRE_PER,EMP_DC,EA19,2022,2.2,
ESTAT:TESEM040(1.0),17/03/23 23:00:00,A,PCH_PRE_PER,EMP_DC,EA20,2005,1.0,
ESTAT:TESEM040(1.0),17/03/23 23:00:00,A,PCH_PRE_PER,EMP_DC,EA20,2006,1.8,
ESTAT:TESEM040(1.0),17/03/23 23:00:00,A,PCH_PRE_PER,EMP_DC,EA20,2007,1.9,
ESTAT:TESEM040(1.0),17/03/23 23:00:00,A,PCH_PRE_PER,EMP_DC,EA20,2008,0.9,
ESTAT:TESEM040(1.0),17/03/23 23:00:00,A,PCH_PRE_PER,EMP_DC,EA20,2009,-1.9,
ESTAT:TESEM040(1.0),17/03/23 23:00:00,A,PCH_PRE_PER,EMP_DC,EA20,2010,-0.6,
ESTAT:TESEM040(1.0),17/03/23 23:00:00,A,PCH_PRE_PER,EMP_DC,EA20,2011,0.1,
ESTAT:TESEM040(1.0),17/03/23 23:00:00,A,PCH_PRE_PER,EMP_DC,EA20,2012,-0.4,
ESTAT:TESEM040(1.0),17/03/23 23:00:00,A,PCH_PRE_PER,EMP_DC,EA20,2013,-0.5,
ESTAT:TESEM040(1.0),17/03/23 23:00:00,A,PCH_PRE_PER,EMP_DC,EA20,2014,0.8,
ESTAT:TESEM040(1.0),17/03/23 23:00:00,A,PCH_PRE_PER,EMP_DC,EA20,2015,0.9,
ESTAT:TESEM040(1.0),17/03/23 23:00:00,A,PCH_PRE_PER,EMP_DC,EA20,2016,1.4,
ESTAT:TESEM040(1.0),17/03/23 23:00:00,A,PCH_PRE_PER,EMP_DC,EA20,2017,1.6,
ESTAT:TESEM040(1.0),17/03/23 23:00:00,A,PCH_PRE_PER,EMP_DC,EA20,2018,1.6,
ESTAT:TESEM040(1.0),17/03/23 23:00:00,A,PCH_PRE_PER,EMP_DC,EA20,2019,1.3,
ESTAT:TESEM040(1.0),17/03/23 23:00:00,A,PCH_PRE_PER,EMP_DC,EA20,2020,-1.5,
ESTAT:TESEM040(1.0),17/03/23 23:00:00,A,PCH_PRE_PER,EMP_DC,EA20,2021,1.4,
ESTAT:TESEM040(1.0),17/03/23 23:00:00,A,PCH_PRE_PER,EMP_DC,EA20,2022,2.2,
ESTAT:TESEM040(1.0),17/03/23 23:00:00,A,PCH_PRE_PER,EMP_DC,EE,2005,2.3,
ESTAT:TESEM040(1.0),17/03/23 23:00:00,A,PCH_PRE_PER,EMP_DC,EE,2006,4.9,
ESTAT:TESEM040(1.0),17/03/23 23:00:00,A,PCH_PRE_PER,EMP_DC,EE,2007,0.2,
ESTAT:TESEM040(1.0),17/03/23 23:00:00,A,PCH_PRE_PER,EMP_DC,EE,2008,-0.2,
ESTAT:TESEM040(1.0),17/03/23 23:00:00,A,PCH_PRE_PER,EMP_DC,EE,2009,-10.2,
ESTAT:TESEM040(1.0),17/03/23 23:00:00,A,PCH_PRE_PER,EMP_DC,EE,2010,-4.9,
ESTAT:TESEM040(1.0),17/03/23 23:00:00,A,PCH_PRE_PER,EMP_DC,EE,2011,6.5,
ESTAT:TESEM040(1.0),17/03/23 23:00:00,A,PCH_PRE_PER,EMP_DC,EE,2012,1.6,
ESTAT:TESEM040(1.0),17/03/23 23:00:00,A,PCH_PRE_PER,EMP_DC,EE,2013,1.2,
ESTAT:TESEM040(1.0),17/03/23 23:00:00,A,PCH_PRE_PER,EMP_DC,EE,2014,0.8,
ESTAT:TESEM040(1.0),17/03/23 23:00:00,A,PCH_PRE_PER,EMP_DC,EE,2015,2.9,
ESTAT:TESEM040(1.0),17/03/23 23:00:00,A,PCH_PRE_PER,EMP_DC,EE,2016,0.3,
ESTAT:TESEM040(1.0),17/03/23 23:00:00,A,PCH_PRE_PER,EMP_DC,EE,2017,2.7,
ESTAT:TESEM040(1.0),17/03/23 23:00:00,A,PCH_PRE_PER,EMP_DC,EE,2018,0.9,
ESTAT:TESEM040(1.0),17/03/23 23:00:00,A,PCH_PRE_PER,EMP_DC,EE,2019,1.3,
ESTAT:TESEM040(1.0),17/03/23 23:00:00,A,PCH_PRE_PER,EMP_DC,EE,2020,-2.7,
ESTAT:TESEM040(1.0),17/03/23 23:00:00,A,PCH_PRE_PER,EMP_DC,EE,2021,0.1,
ESTAT:TESEM040(1.0),17/03/23 23:00:00,A,PCH_PRE_PER,EMP_DC,EE,2022,4.6,
ESTAT:TESEM040(1.0),17/03/23 23:00:00,A,PCH_PRE_PER,EMP_DC,EL,2005,0.9,
ESTAT:TESEM040(1.0),17/03/23 23:00:00,A,PCH_PRE_PER,EMP_DC,EL,2006,1.8,
ESTAT:TESEM040(1.0),17/03/23 23:00:00,A,PCH_PRE_PER,EMP_DC,EL,2007,1.3,
ESTAT:TESEM040(1.0),17/03/23 23:00:00,A,PCH_PRE_PER,EMP_DC,EL,2008,1.3,
ESTAT:TESEM040(1.0),17/03/23 23:00:00,A,PCH_PRE_PER,EMP_DC,EL,2009,-0.6,
ESTAT:TESEM040(1.0),17/03/23 23:00:00,A,PCH_PRE_PER,EMP_DC,EL,2010,-2.5,b
ESTAT:TESEM040(1.0),17/03/23 23:00:00,A,PCH_PRE_PER,EMP_DC,EL,2011,-4.3,
ESTAT:TESEM040(1.0),17/03/23 23:00:00,A,PCH_PRE_PER,EMP_DC,EL,2012,-4.0,
ESTAT:TESEM040(1.0),17/03/23 23:00:00,A,PCH_PRE_PER,EMP_DC,EL,2013,-0.6,
ESTAT:TESEM040(1.0),17/03/23 23:00:00,A,PCH_PRE_PER,EMP_DC,EL,2014,3.6,
ESTAT:TESEM040(1.0),17/03/23 23:00:00,A,PCH_PRE_PER,EMP_DC,EL,2015,-2.9,
ESTAT:TESEM040(1.0),17/03/23 23:00:00,A,PCH_PRE_PER,EMP_DC,EL,2016,3.4,
ESTAT:TESEM040(1.0),17/03/23 23:00:00,A,PCH_PRE_PER,EMP_DC,EL,2017,-0.5,
ESTAT:TESEM040(1.0),17/03/23 23:00:00,A,PCH_PRE_PER,EMP_DC,EL,2018,4.6,
ESTAT:TESEM040(1.0),17/03/23 23:00:00,A,PCH_PRE_PER,EMP_DC,EL,2019,2.2,
ESTAT:TESEM040(1.0),17/03/23 23:00:00,A,PCH_PRE_PER,EMP_DC,EL,2020,-1.8,p
ESTAT:TESEM040(1.0),17/03/23 23:00:00,A,PCH_PRE_PER,EMP_DC,EL,2021,2.7,p
ESTAT:TESEM040(1.0),17/03/23 23:00:00,A,PCH_PRE_PER,EMP_DC,EL,2022,3.8,p
ESTAT:TESEM040(1.0),17/03/23 23:00:00,A,PCH_PRE_PER,EMP_DC,ES,2005,4.2,
ESTAT:TESEM040(1.0),17/03/23 23:00:00,A,PCH_PRE_PER,EMP_DC,ES,2006,4.1,
ESTAT:TESEM040(1.0),17/03/23 23:00:00,A,PCH_PRE_PER,EMP_DC,ES,2007,3.2,
ESTAT:TESEM040(1.0),17/03/23 23:00:00,A,PCH_PRE_PER,EMP_DC,ES,2008,0.1,
ESTAT:TESEM040(1.0),17/03/23 23:00:00,A,PCH_PRE_PER,EMP_DC,ES,2009,-6.3,
ESTAT:TESEM040(1.0),17/03/23 23:00:00,A,PCH_PRE_PER,EMP_DC,ES,2010,-1.7,
ESTAT:TESEM040(1.0),17/03/23 23:00:00,A,PCH_PRE_PER,EMP_DC,ES,2011,-2.5,
ESTAT:TESEM040(1.0),17/03/23 23:00:00,A,PCH_PRE_PER,EMP_DC,ES,2012,-4.0,
ESTAT:TESEM040(1.0),17/03/23 23:00:00,A,PCH_PRE_PER,EMP_DC,ES,2013,-2.4,
ESTAT:TESEM040(1.0),17/03/23 23:00:00,A,PCH_PRE_PER,EMP_DC,ES,2014,1.0,
ESTAT:TESEM040(1.0),17/03/23 23:00:00,A,PCH_PRE_PER,EMP_DC,ES,2015,2.8,
ESTAT:TESEM040(1.0),17/03/23 23:00:00,A,PCH_PRE_PER,EMP_DC,ES,2016,2.1,
ESTAT:TESEM040(1.0),17/03/23 23:00:00,A,PCH_PRE_PER,EMP_DC,ES,2017,2.6,
ESTAT:TESEM040(1.0),17/03/23 23:00:00,A,PCH_PRE_PER,EMP_DC,ES,2018,2.2,
ESTAT:TESEM040(1.0),17/03/23 23:00:00,A,PCH_PRE_PER,EMP_DC,ES,2019,2.6,
ESTAT:TESEM040(1.0),17/03/23 23:00:00,A,PCH_PRE_PER,EMP_DC,ES,2020,-4.2,p
ESTAT:TESEM040(1.0),17/03/23 23:00:00,A,PCH_PRE_PER,EMP_DC,ES,2021,2.5,p
ESTAT:TESEM040(1.0),17/03/23 23:00:00,A,PCH_PRE_PER,EMP_DC,ES,2022,2.8,p
ESTAT:TESEM040(1.0),17/03/23 23:00:00,A,PCH_PRE_PER,EMP_DC,EU27_2020,2005,1.0,
ESTAT:TESEM040(1.0),17/03/23 23:00:00,A,PCH_PRE_PER,EMP_DC,EU27_2020,2006,1.9,
ESTAT:TESEM040(1.0),17/03/23 23:00:00,A,PCH_PRE_PER,EMP_DC,EU27_2020,2007,2.1,
ESTAT:TESEM040(1.0),17/03/23 23:00:00,A,PCH_PRE_PER,EMP_DC,EU27_2020,2008,1.0,
ESTAT:TESEM040(1.0),17/03/23 23:00:00,A,PCH_PRE_PER,EMP_DC,EU27_2020,2009,-1.8,
ESTAT:TESEM040(1.0),17/03/23 23:00:00,A,PCH_PRE_PER,EMP_DC,EU27_2020,2010,-0.9,
ESTAT:TESEM040(1.0),17/03/23 23:00:00,A,PCH_PRE_PER,EMP_DC,EU27_2020,2011,0.0,
ESTAT:TESEM040(1.0),17/03/23 23:00:00,A,PCH_PRE_PER,EMP_DC,EU27_2020,2012,-0.2,
ESTAT:TESEM040(1.0),17/03/23 23:00:00,A,PCH_PRE_PER,EMP_DC,EU27_2020,2013,-0.4,
ESTAT:TESEM040(1.0),17/03/23 23:00:00,A,PCH_PRE_PER,EMP_DC,EU27_2020,2014,0.9,
ESTAT:TESEM040(1.0),17/03/23 23:00:00,A,PCH_PRE_PER,EMP_DC,EU27_2020,2015,0.9,
ESTAT:TESEM040(1.0),17/03/23 23:00:00,A,PCH_PRE_PER,EMP_DC,EU27_2020,2016,1.3,
ESTAT:TESEM040(1.0),17/03/23 23:00:00,A,PCH_PRE_PER,EMP_DC,EU27_2020,2017,1.6,
ESTAT:TESEM040(1.0),17/03/23 23:00:00,A,PCH_PRE_PER,EMP_DC,EU27_2020,2018,1.5,
ESTAT:TESEM040(1.0),17/03/23 23:00:00,A,PCH_PRE_PER,EMP_DC,EU27_2020,2019,1.1,
ESTAT:TESEM040(1.0),17/03/23 23:00:00,A,PCH_PRE_PER,EMP_DC,EU27_2020,2020,-1.4,
ESTAT:TESEM040(1.0),17/03/23 23:00:00,A,PCH_PRE_PER,EMP_DC,EU27_2020,2021,1.5,
ESTAT:TESEM040(1.0),17/03/23 23:00:00,A,PCH_PRE_PER,EMP_DC,EU27_2020,2022,2.0,
ESTAT:TESEM040(1.0),17/03/23 23:00:00,A,PCH_PRE_PER,EMP_DC,EU28,2005,1.0,
ESTAT:TESEM040(1.0),17/03/23 23:00:00,A,PCH_PRE_PER,EMP_DC,EU28,2006,1.8,
ESTAT:TESEM040(1.0),17/03/23 23:00:00,A,PCH_PRE_PER,EMP_DC,EU28,2007,1.9,
ESTAT:TESEM040(1.0),17/03/23 23:00:00,A,PCH_PRE_PER,EMP_DC,EU28,2008,1.0,
ESTAT:TESEM040(1.0),17/03/23 23:00:00,A,PCH_PRE_PER,EMP_DC,EU28,2009,-1.8,
ESTAT:TESEM040(1.0),17/03/23 23:00:00,A,PCH_PRE_PER,EMP_DC,EU28,2010,-0.8,
ESTAT:TESEM040(1.0),17/03/23 23:00:00,A,PCH_PRE_PER,EMP_DC,EU28,2011,0.1,
ESTAT:TESEM040(1.0),17/03/23 23:00:00,A,PCH_PRE_PER,EMP_DC,EU28,2012,-0.1,
ESTAT:TESEM040(1.0),17/03/23 23:00:00,A,PCH_PRE_PER,EMP_DC,EU28,2013,-0.2,
ESTAT:TESEM040(1.0),17/03/23 23:00:00,A,PCH_PRE_PER,EMP_DC,EU28,2014,1.1,
ESTAT:TESEM040(1.0),17/03/23 23:00:00,A,PCH_PRE_PER,EMP_DC,EU28,2015,1.0,
ESTAT:TESEM040(1.0),17/03/23 23:00:00,A,PCH_PRE_PER,EMP_DC,EU28,2016,1.3,
ESTAT:TESEM040(1.0),17/03/23 23:00:00,A,PCH_PRE_PER,EMP_DC,EU28,2017,1.5,
ESTAT:TESEM040(1.0),17/03/23 23:00:00,A,PCH_PRE_PER,EMP_DC,EU28,2018,1.4,
ESTAT:TESEM040(1.0),17/03/23 23:00:00,A,PCH_PRE_PER,EMP_DC,EU28,2019,1.1,
ESTAT:TESEM040(1.0),17/03/23 23:00:00,A,PCH_PRE_PER,EMP_DC,FI,2005,1.5,
ESTAT:TESEM040(1.0),17/03/23 23:00:00,A,PCH_PRE_PER,EMP_DC,FI,2006,1.9,
ESTAT:TESEM040(1.0),17/03/23 23:00:00,A,PCH_PRE_PER,EMP_DC,FI,2007,2.2,
ESTAT:TESEM040(1.0),17/03/23 23:00:00,A,PCH_PRE_PER,EMP_DC,FI,2008,2.2,
ESTAT:TESEM040(1.0),17/03/23 23:00:00,A,PCH_PRE_PER,EMP_DC,FI,2009,-2.5,
ESTAT:TESEM040(1.0),17/03/23 23:00:00,A,PCH_PRE_PER,EMP_DC,FI,2010,-0.6,
ESTAT:TESEM040(1.0),17/03/23 23:00:00,A,PCH_PRE_PER,EMP_DC,FI,2011,1.6,
ESTAT:TESEM040(1.0),17/03/23 23:00:00,A,PCH_PRE_PER,EMP_DC,FI,2012,0.9,
ESTAT:TESEM040(1.0),17/03/23 23:00:00,A,PCH_PRE_PER,EMP_DC,FI,2013,-0.8,
ESTAT:TESEM040(1.0),17/03/23 23:00:00,A,PCH_PRE_PER,EMP_DC,FI,2014,-0.4,
ESTAT:TESEM040(1.0),17/03/23 23:00:00,A,PCH_PRE_PER,EMP_DC,FI,2015,-0.1,
ESTAT:TESEM040(1.0),17/03/23 23:00:00,A,PCH_PRE_PER,EMP_DC,FI,2016,0.5,
ESTAT:TESEM040(1.0),17/03/23 23:00:00,A,PCH_PRE_PER,EMP_DC,FI,2017,1.0,
ESTAT:TESEM040(1.0),17/03/23 23:00:00,A,PCH_PRE_PER,EMP_DC,FI,2018,2.5,
ESTAT:TESEM040(1.0),17/03/23 23:00:00,A,PCH_PRE_PER,EMP_DC,FI,2019,1.8,
ESTAT:TESEM040(1.0),17/03/23 23:00:00,A,PCH_PRE_PER,EMP_DC,FI,2020,-1.9,
ESTAT:TESEM040(1.0),17/03/23 23:00:00,A,PCH_PRE_PER,EMP_DC,FI,2021,2.7,
ESTAT:TESEM040(1.0),17/03/23 23:00:00,A,PCH_PRE_PER,EMP_DC,FI,2022,2.5,
ESTAT:TESEM040(1.0),17/03/23 23:00:00,A,PCH_PRE_PER,EMP_DC,FR,2005,0.7,
ESTAT:TESEM040(1.0),17/03/23 23:00:00,A,PCH_PRE_PER,EMP_DC,FR,2006,1.1,
ESTAT:TESEM040(1.0),17/03/23 23:00:00,A,PCH_PRE_PER,EMP_DC,FR,2007,1.4,
ESTAT:TESEM040(1.0),17/03/23 23:00:00,A,PCH_PRE_PER,EMP_DC,FR,2008,0.5,
ESTAT:TESEM040(1.0),17/03/23 23:00:00,A,PCH_PRE_PER,EMP_DC,FR,2009,-1.1,
ESTAT:TESEM040(1.0),17/03/23 23:00:00,A,PCH_PRE_PER,EMP_DC,FR,2010,0.1,
ESTAT:TESEM040(1.0),17/03/23 23:00:00,A,PCH_PRE_PER,EMP_DC,FR,2011,0.8,
ESTAT:TESEM040(1.0),17/03/23 23:00:00,A,PCH_PRE_PER,EMP_DC,FR,2012,0.3,
ESTAT:TESEM040(1.0),17/03/23 23:00:00,A,PCH_PRE_PER,EMP_DC,FR,2013,0.2,
ESTAT:TESEM040(1.0),17/03/23 23:00:00,A,PCH_PRE_PER,EMP_DC,FR,2014,0.5,
ESTAT:TESEM040(1.0),17/03/23 23:00:00,A,PCH_PRE_PER,EMP_DC,FR,2015,0.2,
ESTAT:TESEM040(1.0),17/03/23 23:00:00,A,PCH_PRE_PER,EMP_DC,FR,2016,0.6,
ESTAT:TESEM040(1.0),17/03/23 23:00:00,A,PCH_PRE_PER,EMP_DC,FR,2017,1.1,
ESTAT:TESEM040(1.0),17/03/23 23:00:00,A,PCH_PRE_PER,EMP_DC,FR,2018,1.0,
ESTAT:TESEM040(1.0),17/03/23 23:00:00,A,PCH_PRE_PER,EMP_DC,FR,2019,1.2,
ESTAT:TESEM040(1.0),17/03/23 23:00:00,A,PCH_PRE_PER,EMP_DC,FR,2020,-0.7,
ESTAT:TESEM040(1.0),17/03/23 23:00:00,A,PCH_PRE_PER,EMP_DC,FR,2021,2.5,p
ESTAT:TESEM040(1.0),17/03/23 23:00:00,A,PCH_PRE_PER,EMP_DC,FR,2022,2.4,p
ESTAT:TESEM040(1.0),17/03/23 23:00:00,A,PCH_PRE_PER,EMP_DC,HR,2005,0.9,p
ESTAT:TESEM040(1.0),17/03/23 23:00:00,A,PCH_PRE_PER,EMP_DC,HR,2006,3.1,p
ESTAT:TESEM040(1.0),17/03/23 23:00:00,A,PCH_PRE_PER,EMP_DC,HR,2007,3.1,p
ESTAT:TESEM040(1.0),17/03/23 23:00:00,A,PCH_PRE_PER,EMP_DC,HR,2008,2.0,p
ESTAT:TESEM040(1.0),17/03/23 23:00:00,A,PCH_PRE_PER,EMP_DC,HR,2009,-0.6,
ESTAT:TESEM040(1.0),17/03/23 23:00:00,A,PCH_PRE_PER,EMP_DC,HR,2010,-3.8,
ESTAT:TESEM040(1.0),17/03/23 23:00:00,A,PCH_PRE_PER,EMP_DC,HR,2011,-4.0,
ESTAT:TESEM040(1.0),17/03/23 23:00:00,A,PCH_PRE_PER,EMP_DC,HR,2012,-3.6,
ESTAT:TESEM040(1.0),17/03/23 23:00:00,A,PCH_PRE_PER,EMP_DC,HR,2013,-2.8,
ESTAT:TESEM040(1.0),17/03/23 23:00:00,A,PCH_PRE_PER,EMP_DC,HR,2014,2.6,
ESTAT:TESEM040(1.0),17/03/23 23:00:00,A,PCH_PRE_PER,EMP_DC,HR,2015,1.3,
ESTAT:TESEM040(1.0),17/03/23 23:00:00,A,PCH_PRE_PER,EMP_DC,HR,2016,0.2,
ESTAT:TESEM040(1.0),17/03/23 23:00:00,A,PCH_PRE_PER,EMP_DC,HR,2017,2.4,
ESTAT:TESEM040(1.0),17/03/23 23:00:00,A,PCH_PRE_PER,EMP_DC,HR,2018,2.6,
ESTAT:TESEM040(1.0),17/03/23 23:00:00,A,PCH_PRE_PER,EMP_DC,HR,2019,3.1,
ESTAT:TESEM040(1.0),17/03/23 23:00:00,A,PCH_PRE_PER,EMP_DC,HR,2020,-1.2,
ESTAT:TESEM040(1.0),17/03/23 23:00:00,A,PCH_PRE_PER,EMP_DC,HR,2021,1.2,
ESTAT:TESEM040(1.0),17/03/23 23:00:00,A,PCH_PRE_PER,EMP_DC,HR,2022,2.3,
ESTAT:TESEM040(1.0),17/03/23 23:00:00,A,PCH_PRE_PER,EMP_DC,HU,2005,-0.7,
ESTAT:TESEM040(1.0),17/03/23 23:00:00,A,PCH_PRE_PER,EMP_DC,HU,2006,0.8,
ESTAT:TESEM040(1.0),17/03/23 23:00:00,A,PCH_PRE_PER,EMP_DC,HU,2007,-0.7,
ESTAT:TESEM040(1.0),17/03/23 23:00:00,A,PCH_PRE_PER,EMP_DC,HU,2008,-1.8,
ESTAT:TESEM040(1.0),17/03/23 23:00:00,A,PCH_PRE_PER,EMP_DC,HU,2009,-1.9,
ESTAT:TESEM040(1.0),17/03/23 23:00:00,A,PCH_PRE_PER,EMP_DC,HU,2010,-0.7,
ESTAT:TESEM040(1.0),17/03/23 23:00:00,A,PCH_PRE_PER,EMP_DC,HU,2011,0.0,
ESTAT:TESEM040(1.0),17/03/23 23:00:00,A,PCH_PRE_PER,EMP_DC,HU,2012,0.9,
ESTAT:TESEM040(1.0),17/03/23 23:00:00,A,PCH_PRE_PER,EMP_DC,HU,2013,1.3,
ESTAT:TESEM040(1.0),17/03/23 23:00:00,A,PCH_PRE_PER,EMP_DC,HU,2014,4.6,
ESTAT:TESEM040(1.0),17/03/23 23:00:00,A,PCH_PRE_PER,EMP_DC,HU,2015,2.2,
ESTAT:TESEM040(1.0),17/03/23 23:00:00,A,PCH_PRE_PER,EMP_DC,HU,2016,3.7,
ESTAT:TESEM040(1.0),17/03/23 23:00:00,A,PCH_PRE_PER,EMP_DC,HU,2017,1.9,
ESTAT:TESEM040(1.0),17/03/23 23:00:00,A,PCH_PRE_PER,EMP_DC,HU,2018,2.3,
ESTAT:TESEM040(1.0),17/03/23 23:00:00,A,PCH_PRE_PER,EMP_DC,HU,2019,1.1,
ESTAT:TESEM040(1.0),17/03/23 23:00:00,A,PCH_PRE_PER,EMP_DC,HU,2020,-1.1,
ESTAT:TESEM040(1.0),17/03/23 23:00:00,A,PCH_PRE_PER,EMP_DC,HU,2021,1.0,p
ESTAT:TESEM040(1.0),17/03/23 23:00:00,A,PCH_PRE_PER,EMP_DC,HU,2022,1.8,p
ESTAT:TESEM040(1.0),17/03/23 23:00:00,A,PCH_PRE_PER,EMP_DC,IE,2005,4.7,
ESTAT:TESEM040(1.0),17/03/23 23:00:00,A,PCH_PRE_PER,EMP_DC,IE,2006,4.5,
ESTAT:TESEM040(1.0),17/03/23 23:00:00,A,PCH_PRE_PER,EMP_DC,IE,2007,4.2,
ESTAT:TESEM040(1.0),17/03/23 23:00:00,A,PCH_PRE_PER,EMP_DC,IE,2008,-1.0,
ESTAT:TESEM040(1.0),17/03/23 23:00:00,A,PCH_PRE_PER,EMP_DC,IE,2009,-8.3,
ESTAT:TESEM040(1.0),17/03/23 23:00:00,A,PCH_PRE_PER,EMP_DC,IE,2010,-4.5,
ESTAT:TESEM040(1.0),17/03/23 23:00:00,A,PCH_PRE_PER,EMP_DC,IE,2011,-1.9,
ESTAT:TESEM040(1.0),17/03/23 23:00:00,A,PCH_PRE_PER,EMP_DC,IE,2012,-0.4,
ESTAT:TESEM040(1.0),17/03/23 23:00:00,A,PCH_PRE_PER,EMP_DC,IE,2013,2.9,
ESTAT:TESEM040(1.0),17/03/23 23:00:00,A,PCH_PRE_PER,EMP_DC,IE,2014,2.6,
ESTAT:TESEM040(1.0),17/03/23 23:00:00,A,PCH_PRE_PER,EMP_DC,IE,2015,3.5,
ESTAT:TESEM040(1.0),17/03/23 23:00:00,A,PCH_PRE_PER,EMP_DC,IE,2016,3.7,
ESTAT:TESEM040(1.0),17/03/23 23:00:00,A,PCH_PRE_PER,EMP_DC,IE,2017,2.8,
ESTAT:TESEM040(1.0),17/03/23 23:00:00,A,PCH_PRE_PER,EMP_DC,IE,2018,2.8,
ESTAT:TESEM040(1.0),17/03/23 23:00:00,A,PCH_PRE_PER,EMP_DC,IE,2019,3.0,
ESTAT:TESEM040(1.0),17/03/23 23:00:00,A,PCH_PRE_PER,EMP_DC,IE,2020,-2.8,
ESTAT:TESEM040(1.0),17/03/23 23:00:00,A,PCH_PRE_PER,EMP_DC,IE,2021,6.0,
ESTAT:TESEM040(1.0),17/03/23 23:00:00,A,PCH_PRE_PER,EMP_DC,IE,2022,6.6,
ESTAT:TESEM040(1.0),17/03/23 23:00:00,A,PCH_PRE_PER,EMP_DC,IS,2005,7.7,p
ESTAT:TESEM040(1.0),17/03/23 23:00:00,A,PCH_PRE_PER,EMP_DC,IS,2006,5.4,p
ESTAT:TESEM040(1.0),17/03/23 23:00:00,A,PCH_PRE_PER,EMP_DC,IS,2007,4.6,p
ESTAT:TESEM040(1.0),17/03/23 23:00:00,A,PCH_PRE_PER,EMP_DC,IS,2008,0.7,p
ESTAT:TESEM040(1.0),17/03/23 23:00:00,A,PCH_PRE_PER,EMP_DC,IS,2009,-8.2,p
ESTAT:TESEM040(1.0),17/03/23 23:00:00,A,PCH_PRE_PER,EMP_DC,IS,2010,-1.3,p
ESTAT:TESEM040(1.0),17/03/23 23:00:00,A,PCH_PRE_PER,EMP_DC,IS,2011,1.1,p
ESTAT:TESEM040(1.0),17/03/23 23:00:00,A,PCH_PRE_PER,EMP_DC,IS,2012,1.9,p
ESTAT:TESEM040(1.0),17/03/23 23:00:00,A,PCH_PRE_PER,EMP_DC,IS,2013,2.3,p
ESTAT:TESEM040(1.0),17/03/23 23:00:00,A,PCH_PRE_PER,EMP_DC,IS,2014,2.5,p
ESTAT:TESEM040(1.0),17/03/23 23:00:00,A,PCH_PRE_PER,EMP_DC,IS,2015,2.8,p
ESTAT:TESEM040(1.0),17/03/23 23:00:00,A,PCH_PRE_PER,EMP_DC,IS,2016,4.5,p
ESTAT:TESEM040(1.0),17/03/23 23:00:00,A,PCH_PRE_PER,EMP_DC,IS,2017,4.2,p
ESTAT:TESEM040(1.0),17/03/23 23:00:00,A,PCH_PRE_PER,EMP_DC,IS,2018,3.0,p
ESTAT:TESEM040(1.0),17/03/23 23:00:00,A,PCH_PRE_PER,EMP_DC,IS,2019,-0.1,p
ESTAT:TESEM040(1.0),17/03/23 23:00:00,A,PCH_PRE_PER,EMP_DC,IS,2020,-4.7,p
ESTAT:TESEM040(1.0),17/03/23 23:00:00,A,PCH_PRE_PER,EMP_DC,IS,2021,1.4,p
ESTAT:TESEM040(1.0),17/03/23 23:00:00,A,PCH_PRE_PER,EMP_DC,IS,2022,7.5,p
ESTAT:TESEM040(1.0),17/03/23 23:00:00,A,PCH_PRE_PER,EMP_DC,IT,2005,0.6,
ESTAT:TESEM040(1.0),17/03/23 23:00:00,A,PCH_PRE_PER,EMP_DC,IT,2006,2.0,
ESTAT:TESEM040(1.0),17/03/23 23:00:00,A,PCH_PRE_PER,EMP_DC,IT,2007,1.2,
ESTAT:TESEM040(1.0),17/03/23 23:00:00,A,PCH_PRE_PER,EMP_DC,IT,2008,0.2,
ESTAT:TESEM040(1.0),17/03/23 23:00:00,A,PCH_PRE_PER,EMP_DC,IT,2009,-1.6,
ESTAT:TESEM040(1.0),17/03/23 23:00:00,A,PCH_PRE_PER,EMP_DC,IT,2010,-0.6,
ESTAT:TESEM040(1.0),17/03/23 23:00:00,A,PCH_PRE_PER,EMP_DC,IT,2011,0.3,
ESTAT:TESEM040(1.0),17/03/23 23:00:00,A,PCH_PRE_PER,EMP_DC,IT,2012,-0.3,
ESTAT:TESEM040(1.0),17/03/23 23:00:00,A,PCH_PRE_PER,EMP_DC,IT,2013,-1.8,
ESTAT:TESEM040(1.0),17/03/23 23:00:00,A,PCH_PRE_PER,EMP_DC,IT,2014,0.1,
ESTAT:TESEM040(1.0),17/03/23 23:00:00,A,PCH_PRE_PER,EMP_DC,IT,2015,0.7,
ESTAT:TESEM040(1.0),17/03/23 23:00:00,A,PCH_PRE_PER,EMP_DC,IT,2016,1.4,
ESTAT:TESEM040(1.0),17/03/23 23:00:00,A,PCH_PRE_PER,EMP_DC,IT,2017,1.2,
ESTAT:TESEM040(1.0),17/03/23 23:00:00,A,PCH_PRE_PER,EMP_DC,IT,2018,0.9,
ESTAT:TESEM040(1.0),17/03/23 23:00:00,A,PCH_PRE_PER,EMP_DC,IT,2019,0.5,
ESTAT:TESEM040(1.0),17/03/23 23:00:00,A,PCH_PRE_PER,EMP_DC,IT,2020,-2.1,
ESTAT:TESEM040(1.0),17/03/23 23:00:00,A,PCH_PRE_PER,EMP_DC,IT,2021,0.6,
ESTAT:TESEM040(1.0),17/03/23 23:00:00,A,PCH_PRE_PER,EMP_DC,IT,2022,1.7,
ESTAT:TESEM040(1.0),17/03/23 23:00:00,A,PCH_PRE_PER,EMP_DC,LI,2014,1.3,
ESTAT:TESEM040(1.0),17/03/23 23:00:00,A,PCH_PRE_PER,EMP_DC,LI,2015,0.2,
ESTAT:TESEM040(1.0),17/03/23 23:00:00,A,PCH_PRE_PER,EMP_DC,LI,2016,1.9,
ESTAT:TESEM040(1.0),17/03/23 23:00:00,A,PCH_PRE_PER,EMP_DC,LI,2017,3.2,
ESTAT:TESEM040(1.0),17/03/23 23:00:00,A,PCH_PRE_PER,EMP_DC,LI,2018,2.5,
ESTAT:TESEM040(1.0),17/03/23 23:00:00,A,PCH_PRE_PER,EMP_DC,LI,2019,2.5,
ESTAT:TESEM040(1.0),17/03/23 23:00:00,A,PCH_PRE_PER,EMP_DC,LI,2020,-0.7,
ESTAT:TESEM040(1.0),17/03/23 23:00:00,A,PCH_PRE_PER,EMP_DC,LT,2005,0.8,
ESTAT:TESEM040(1.0),17/03/23 23:00:00,A,PCH_PRE_PER,EMP_DC,LT,2006,-0.3,
ESTAT:TESEM040(1.0),17/03/23 23:00:00,A,PCH_PRE_PER,EMP_DC,LT,2007,2.1,
ESTAT:TESEM040(1.0),17/03/23 23:00:00,A,PCH_PRE_PER,EMP_DC,LT,2008,-1.3,
ESTAT:TESEM040(1.0),17/03/23 23:00:00,A,PCH_PRE_PER,EMP_DC,LT,2009,-7.6,
ESTAT:TESEM040(1.0),17/03/23 23:00:00,A,PCH_PRE_PER,EMP_DC,LT,2010,-5.3,
ESTAT:TESEM040(1.0),17/03/23 23:00:00,A,PCH_PRE_PER,EMP_DC,LT,2011,0.6,
ESTAT:TESEM040(1.0),17/03/23 23:00:00,A,PCH_PRE_PER,EMP_DC,LT,2012,1.9,
ESTAT:TESEM040(1.0),17/03/23 23:00:00,A,PCH_PRE_PER,EMP_DC,LT,2013,1.4,
ESTAT:TESEM040(1.0),17/03/23 23:00:00,A,PCH_PRE_PER,EMP_DC,LT,2014,2.0,
ESTAT:TESEM040(1.0),17/03/23 23:00:00,A,PCH_PRE_PER,EMP_DC,LT,2015,1.4,
ESTAT:TESEM040(1.0),17/03/23 23:00:00,A,PCH_PRE_PER,EMP_DC,LT,2016,2.3,
ESTAT:TESEM040(1.0),17/03/23 23:00:00,A,PCH_PRE_PER,EMP_DC,LT,2017,-0.7,
ESTAT:TESEM040(1.0),17/03/23 23:00:00,A,PCH_PRE_PER,EMP_DC,LT,2018,1.4,
ESTAT:TESEM040(1.0),17/03/23 23:00:00,A,PCH_PRE_PER,EMP_DC,LT,2019,0.6,
ESTAT:TESEM040(1.0),17/03/23 23:00:00,A,PCH_PRE_PER,EMP_DC,LT,2020,-1.6,
ESTAT:TESEM040(1.0),17/03/23 23:00:00,A,PCH_PRE_PER,EMP_DC,LT,2021,1.2,
ESTAT:TESEM040(1.0),17/03/23 23:00:00,A,PCH_PRE_PER,EMP_DC,LT,2022,5.1,
ESTAT:TESEM040(1.0),17/03/23 23:00:00,A,PCH_PRE_PER,EMP_DC,LU,2005,2.7,
ESTAT:TESEM040(1.0),17/03/23 23:00:00,A,PCH_PRE_PER,EMP_DC,LU,2006,3.8,
ESTAT:TESEM040(1.0),17/03/23 23:00:00,A,PCH_PRE_PER,EMP_DC,LU,2007,4.4,
ESTAT:TESEM040(1.0),17/03/23 23:00:00,A,PCH_PRE_PER,EMP_DC,LU,2008,4.7,
ESTAT:TESEM040(1.0),17/03/23 23:00:00,A,PCH_PRE_PER,EMP_DC,LU,2009,1.0,
ESTAT:TESEM040(1.0),17/03/23 23:00:00,A,PCH_PRE_PER,EMP_DC,LU,2010,1.8,
ESTAT:TESEM040(1.0),17/03/23 23:00:00,A,PCH_PRE_PER,EMP_DC,LU,2011,3.0,
ESTAT:TESEM040(1.0),17/03/23 23:00:00,A,PCH_PRE_PER,EMP_DC,LU,2012,2.4,
ESTAT:TESEM040(1.0),17/03/23 23:00:00,A,PCH_PRE_PER,EMP_DC,LU,2013,1.8,
ESTAT:TESEM040(1.0),17/03/23 23:00:00,A,PCH_PRE_PER,EMP_DC,LU,2014,2.5,
ESTAT:TESEM040(1.0),17/03/23 23:00:00,A,PCH_PRE_PER,EMP_DC,LU,2015,2.6,
ESTAT:TESEM040(1.0),17/03/23 23:00:00,A,PCH_PRE_PER,EMP_DC,LU,2016,3.0,
ESTAT:TESEM040(1.0),17/03/23 23:00:00,A,PCH_PRE_PER,EMP_DC,LU,2017,3.5,
ESTAT:TESEM040(1.0),17/03/23 23:00:00,A,PCH_PRE_PER,EMP_DC,LU,2018,3.6,
ESTAT:TESEM040(1.0),17/03/23 23:00:00,A,PCH_PRE_PER,EMP_DC,LU,2019,3.5,
ESTAT:TESEM040(1.0),17/03/23 23:00:00,A,PCH_PRE_PER,EMP_DC,LU,2020,1.7,
ESTAT:TESEM040(1.0),17/03/23 23:00:00,A,PCH_PRE_PER,EMP_DC,LU,2021,3.0,
ESTAT:TESEM040(1.0),17/03/23 23:00:00,A,PCH_PRE_PER,EMP_DC,LU,2022,3.5,p
ESTAT:TESEM040(1.0),17/03/23 23:00:00,A,PCH_PRE_PER,EMP_DC,LV,2005,0.9,
ESTAT:TESEM040(1.0),17/03/23 23:00:00,A,PCH_PRE_PER,EMP_DC,LV,2006,5.8,
ESTAT:TESEM040(1.0),17/03/23 23:00:00,A,PCH_PRE_PER,EMP_DC,LV,2007,3.8,
ESTAT:TESEM040(1.0),17/03/23 23:00:00,A,PCH_PRE_PER,EMP_DC,LV,2008,-0.8,
ESTAT:TESEM040(1.0),17/03/23 23:00:00,A,PCH_PRE_PER,EMP_DC,LV,2009,-14.3,
ESTAT:TESEM040(1.0),17/03/23 23:00:00,A,PCH_PRE_PER,EMP_DC,LV,2010,-6.7,
ESTAT:TESEM040(1.0),17/03/23 23:00:00,A,PCH_PRE_PER,EMP_DC,LV,2011,1.5,
ESTAT:TESEM040(1.0),17/03/23 23:00:00,A,PCH_PRE_PER,EMP_DC,LV,2012,1.4,
ESTAT:TESEM040(1.0),17/03/23 23:00:00,A,PCH_PRE_PER,EMP_DC,LV,2013,2.3,
ESTAT:TESEM040(1.0),17/03/23 23:00:00,A,PCH_PRE_PER,EMP_DC,LV,2014,-1.3,
ESTAT:TESEM040(1.0),17/03/23 23:00:00,A,PCH_PRE_PER,EMP_DC,LV,2015,1.4,
ESTAT:TESEM040(1.0),17/03/23 23:00:00,A,PCH_PRE_PER,EMP_DC,LV,2016,-0.3,
ESTAT:TESEM040(1.0),17/03/23 23:00:00,A,PCH_PRE_PER,EMP_DC,LV,2017,0.0,
ESTAT:TESEM040(1.0),17/03/23 23:00:00,A,PCH_PRE_PER,EMP_DC,LV,2018,1.5,
ESTAT:TESEM040(1.0),17/03/23 23:00:00,A,PCH_PRE_PER,EMP_DC,LV,2019,-0.1,
ESTAT:TESEM040(1.0),17/03/23 23:00:00,A,PCH_PRE_PER,EMP_DC,LV,2020,-2.3,
ESTAT:TESEM040(1.0),17/03/23 23:00:00,A,PCH_PRE_PER,EMP_DC,LV,2021,-2.6,
ESTAT:TESEM040(1.0),17/03/23 23:00:00,A,PCH_PRE_PER,EMP_DC,LV,2022,2.7,
ESTAT:TESEM040(1.0),17/03/23 23:00:00,A,PCH_PRE_PER,EMP_DC,ME,2014,,c
ESTAT:TESEM040(1.0),17/03/23 23:00:00,A,PCH_PRE_PER,EMP_DC,ME,2015,,c
ESTAT:TESEM040(1.0),17/03/23 23:00:00,A,PCH_PRE_PER,EMP_DC,ME,2016,,c
ESTAT:TESEM040(1.0),17/03/23 23:00:00,A,PCH_PRE_PER,EMP_DC,MK,2005,4.9,
ESTAT:TESEM040(1.0),17/03/23 23:00:00,A,PCH_PRE_PER,EMP_DC,MK,2006,4.6,
ESTAT:TESEM040(1.0),17/03/23 23:00:00,A,PCH_PRE_PER,EMP_DC,MK,2007,3.0,
ESTAT:TESEM040(1.0),17/03/23 23:00:00,A,PCH_PRE_PER,EMP_DC,MK,2008,7.9,
ESTAT:TESEM040(1.0),17/03/23 23:00:00,A,PCH_PRE_PER,EMP_DC,MK,2009,4.4,
ESTAT:TESEM040(1.0),17/03/23 23:00:00,A,PCH_PRE_PER,EMP_DC,MK,2010,-3.6,
ESTAT:TESEM040(1.0),17/03/23 23:00:00,A,PCH_PRE_PER,EMP_DC,MK,2011,1.4,
ESTAT:TESEM040(1.0),17/03/23 23:00:00,A,PCH_PRE_PER,EMP_DC,MK,2012,1.2,
ESTAT:TESEM040(1.0),17/03/23 23:00:00,A,PCH_PRE_PER,EMP_DC,MK,2013,5.6,
ESTAT:TESEM040(1.0),17/03/23 23:00:00,A,PCH_PRE_PER,EMP_DC,MK,2014,2.4,
ESTAT:TESEM040(1.0),17/03/23 23:00:00,A,PCH_PRE_PER,EMP_DC,MK,2015,1.9,
ESTAT:TESEM040(1.0),17/03/23 23:00:00,A,PCH_PRE_PER,EMP_DC,MK,2016,1.6,
ESTAT:TESEM040(1.0),17/03/23 23:00:00,A,PCH_PRE_PER,EMP_DC,MK,2017,3.0,
ESTAT:TESEM040(1.0),17/03/23 23:00:00,A,PCH_PRE_PER,EMP_DC,MK,2018,0.1,
ESTAT:TESEM040(1.0),17/03/23 23:00:00,A,PCH_PRE_PER,EMP_DC,MK,2019,2.2,
ESTAT:TESEM040(1.0),17/03/23 23:00:00,A,PCH_PRE_PER,EMP_DC,MK,2020,-6.9,
ESTAT:TESEM040(1.0),17/03/23 23:00:00,A,PCH_PRE_PER,EMP_DC,MT,2005,1.3,
ESTAT:TESEM040(1.0),17/03/23 23:00:00,A,PCH_PRE_PER,EMP_DC,MT,2006,1.5,
ESTAT:TESEM040(1.0),17/03/23 23:00:00,A,PCH_PRE_PER,EMP_DC,MT,2007,2.2,
ESTAT:TESEM040(1.0),17/03/23 23:00:00,A,PCH_PRE_PER,EMP_DC,MT,2008,2.5,
ESTAT:TESEM040(1.0),17/03/23 23:00:00,A,PCH_PRE_PER,EMP_DC,MT,2009,0.0,
ESTAT:TESEM040(1.0),17/03/23 23:00:00,A,PCH_PRE_PER,EMP_DC,MT,2010,1.7,
ESTAT:TESEM040(1.0),17/03/23 23:00:00,A,PCH_PRE_PER,EMP_DC,MT,2011,2.9,
ESTAT:TESEM040(1.0),17/03/23 23:00:00,A,PCH_PRE_PER,EMP_DC,MT,2012,2.8,
ESTAT:TESEM040(1.0),17/03/23 23:00:00,A,PCH_PRE_PER,EMP_DC,MT,2013,4.5,
ESTAT:TESEM040(1.0),17/03/23 23:00:00,A,PCH_PRE_PER,EMP_DC,MT,2014,6.1,
ESTAT:TESEM040(1.0),17/03/23 23:00:00,A,PCH_PRE_PER,EMP_DC,MT,2015,3.8,
ESTAT:TESEM040(1.0),17/03/23 23:00:00,A,PCH_PRE_PER,EMP_DC,MT,2016,4.5,
ESTAT:TESEM040(1.0),17/03/23 23:00:00,A,PCH_PRE_PER,EMP_DC,MT,2017,8.0,
ESTAT:TESEM040(1.0),17/03/23 23:00:00,A,PCH_PRE_PER,EMP_DC,MT,2018,6.0,
ESTAT:TESEM040(1.0),17/03/23 23:00:00,A,PCH_PRE_PER,EMP_DC,MT,2019,5.7,
ESTAT:TESEM040(1.0),17/03/23 23:00:00,A,PCH_PRE_PER,EMP_DC,MT,2020,2.8,
ESTAT:TESEM040(1.0),17/03/23 23:00:00,A,PCH_PRE_PER,EMP_DC,MT,2021,2.9,
ESTAT:TESEM040(1.0),17/03/23 23:00:00,A,PCH_PRE_PER,EMP_DC,MT,2022,6.0,
ESTAT:TESEM040(1.0),17/03/23 23:00:00,A,PCH_PRE_PER,EMP_DC,NL,2005,0.7,
ESTAT:TESEM040(1.0),17/03/23 23:00:00,A,PCH_PRE_PER,EMP_DC,NL,2006,2.2,
ESTAT:TESEM040(1.0),17/03/23 23:00:00,A,PCH_PRE_PER,EMP_DC,NL,2007,2.9,
ESTAT:TESEM040(1.0),17/03/23 23:00:00,A,PCH_PRE_PER,EMP_DC,NL,2008,1.6,
ESTAT:TESEM040(1.0),17/03/23 23:00:00,A,PCH_PRE_PER,EMP_DC,NL,2009,-0.9,
ESTAT:TESEM040(1.0),17/03/23 23:00:00,A,PCH_PRE_PER,EMP_DC,NL,2010,-0.7,
ESTAT:TESEM040(1.0),17/03/23 23:00:00,A,PCH_PRE_PER,EMP_DC,NL,2011,0.9,
ESTAT:TESEM040(1.0),17/03/23 23:00:00,A,PCH_PRE_PER,EMP_DC,NL,2012,-0.2,
ESTAT:TESEM040(1.0),17/03/23 23:00:00,A,PCH_PRE_PER,EMP_DC,NL,2013,-1.2,
ESTAT:TESEM040(1.0),17/03/23 23:00:00,A,PCH_PRE_PER,EMP_DC,NL,2014,-0.1,
ESTAT:TESEM040(1.0),17/03/23 23:00:00,A,PCH_PRE_PER,EMP_DC,NL,2015,1.0,
ESTAT:TESEM040(1.0),17/03/23 23:00:00,A,PCH_PRE_PER,EMP_DC,NL,2016,1.5,
ESTAT:TESEM040(1.0),17/03/23 23:00:00,A,PCH_PRE_PER,EMP_DC,NL,2017,2.4,
ESTAT:TESEM040(1.0),17/03/23 23:00:00,A,PCH_PRE_PER,EMP_DC,NL,2018,2.7,
ESTAT:TESEM040(1.0),17/03/23 23:00:00,A,PCH_PRE_PER,EMP_DC,NL,2019,2.3,
ESTAT:TESEM040(1.0),17/03/23 23:00:00,A,PCH_PRE_PER,EMP_DC,NL,2020,-0.5,p
ESTAT:TESEM040(1.0),17/03/23 23:00:00,A,PCH_PRE_PER,EMP_DC,NL,2021,2.0,p
ESTAT:TESEM040(1.0),17/03/23 23:00:00,A,PCH_PRE_PER,EMP_DC,NL,2022,3.9,p
ESTAT:TESEM040(1.0),17/03/23 23:00:00,A,PCH_PRE_PER,EMP_DC,NO,2005,1.2,
ESTAT:TESEM040(1.0),17/03/23 23:00:00,A,PCH_PRE_PER,EMP_DC,NO,2006,3.3,
ESTAT:TESEM040(1.0),17/03/23 23:00:00,A,PCH_PRE_PER,EMP_DC,NO,2007,3.9,
ESTAT:TESEM040(1.0),17/03/23 23:00:00,A,PCH_PRE_PER,EMP_DC,NO,2008,3.2,
ESTAT:TESEM040(1.0),17/03/23 23:00:00,A,PCH_PRE_PER,EMP_DC,NO,2009,-0.4,
ESTAT:TESEM040(1.0),17/03/23 23:00:00,A,PCH_PRE_PER,EMP_DC,NO,2010,-0.3,
ESTAT:TESEM040(1.0),17/03/23 23:00:00,A,PCH_PRE_PER,EMP_DC,NO,2011,1.4,
ESTAT:TESEM040(1.0),17/03/23 23:00:00,A,PCH_PRE_PER,EMP_DC,NO,2012,2.0,
ESTAT:TESEM040(1.0),17/03/23 23:00:00,A,PCH_PRE_PER,EMP_DC,NO,2013,1.1,
ESTAT:TESEM040(1.0),17/03/23 23:00:00,A,PCH_PRE_PER,EMP_DC,NO,2014,1.0,
ESTAT:TESEM040(1.0),17/03/23 23:00:00,A,PCH_PRE_PER,EMP_DC,NO,2015,0.4,
ESTAT:TESEM040(1.0),17/03/23 23:00:00,A,PCH_PRE_PER,EMP_DC,NO,2016,0.3,
ESTAT:TESEM040(1.0),17/03/23 23:00:00,A,PCH_PRE_PER,EMP_DC,NO,2017,1.1,
ESTAT:TESEM040(1.0),17/03/23 23:00:00,A,PCH_PRE_PER,EMP_DC,NO,2018,1.6,
ESTAT:TESEM040(1.0),17/03/23 23:00:00,A,PCH_PRE_PER,EMP_DC,NO,2019,1.6,
ESTAT:TESEM040(1.0),17/03/23 23:00:00,A,PCH_PRE_PER,EMP_DC,NO,2020,-1.6,
ESTAT:TESEM040(1.0),17/03/23 23:00:00,A,PCH_PRE_PER,EMP_DC,NO,2021,1.3,
ESTAT:TESEM040(1.0),17/03/23 23:00:00,A,PCH_PRE_PER,EMP_DC,NO,2022,3.9,
ESTAT:TESEM040(1.0),17/03/23 23:00:00,A,PCH_PRE_PER,EMP_DC,PL,2005,2.2,
ESTAT:TESEM040(1.0),17/03/23 23:00:00,A,PCH_PRE_PER,EMP_DC,PL,2006,3.2,
ESTAT:TESEM040(1.0),17/03/23 23:00:00,A,PCH_PRE_PER,EMP_DC,PL,2007,4.5,
ESTAT:TESEM040(1.0),17/03/23 23:00:00,A,PCH_PRE_PER,EMP_DC,PL,2008,3.8,
ESTAT:TESEM040(1.0),17/03/23 23:00:00,A,PCH_PRE_PER,EMP_DC,PL,2009,0.4,
ESTAT:TESEM040(1.0),17/03/23 23:00:00,A,PCH_PRE_PER,EMP_DC,PL,2010,-2.7,b
ESTAT:TESEM040(1.0),17/03/23 23:00:00,A,PCH_PRE_PER,EMP_DC,PL,2011,0.6,
ESTAT:TESEM040(1.0),17/03/23 23:00:00,A,PCH_PRE_PER,EMP_DC,PL,2012,0.1,
ESTAT:TESEM040(1.0),17/03/23 23:00:00,A,PCH_PRE_PER,EMP_DC,PL,2013,-0.1,
ESTAT:TESEM040(1.0),17/03/23 23:00:00,A,PCH_PRE_PER,EMP_DC,PL,2014,1.7,
ESTAT:TESEM040(1.0),17/03/23 23:00:00,A,PCH_PRE_PER,EMP_DC,PL,2015,1.5,
ESTAT:TESEM040(1.0),17/03/23 23:00:00,A,PCH_PRE_PER,EMP_DC,PL,2016,0.8,
ESTAT:TESEM040(1.0),17/03/23 23:00:00,A,PCH_PRE_PER,EMP_DC,PL,2017,1.3,
ESTAT:TESEM040(1.0),17/03/23 23:00:00,A,PCH_PRE_PER,EMP_DC,PL,2018,0.5,
ESTAT:TESEM040(1.0),17/03/23 23:00:00,A,PCH_PRE_PER,EMP_DC,PL,2019,0.0,
ESTAT:TESEM040(1.0),17/03/23 23:00:00,A,PCH_PRE_PER,EMP_DC,PL,2020,0.0,
ESTAT:TESEM040(1.0),17/03/23 23:00:00,A,PCH_PRE_PER,EMP_DC,PL,2021,2.5,
ESTAT:TESEM040(1.0),17/03/23 23:00:00,A,PCH_PRE_PER,EMP_DC,PL,2022,0.4,p
ESTAT:TESEM040(1.0),17/03/23 23:00:00,A,PCH_PRE_PER,EMP_DC,PT,2005,-0.5,
ESTAT:TESEM040(1.0),17/03/23 23:00:00,A,PCH_PRE_PER,EMP_DC,PT,2006,0.4,
ESTAT:TESEM040(1.0),17/03/23 23:00:00,A,PCH_PRE_PER,EMP_DC,PT,2007,0.0,
ESTAT:TESEM040(1.0),17/03/23 23:00:00,A,PCH_PRE_PER,EMP_DC,PT,2008,0.4,
ESTAT:TESEM040(1.0),17/03/23 23:00:00,A,PCH_PRE_PER,EMP_DC,PT,2009,-2.7,
ESTAT:TESEM040(1.0),17/03/23 23:00:00,A,PCH_PRE_PER,EMP_DC,PT,2010,-1.4,
ESTAT:TESEM040(1.0),17/03/23 23:00:00,A,PCH_PRE_PER,EMP_DC,PT,2011,-1.9,
ESTAT:TESEM040(1.0),17/03/23 23:00:00,A,PCH_PRE_PER,EMP_DC,PT,2012,-4.1,
ESTAT:TESEM040(1.0),17/03/23 23:00:00,A,PCH_PRE_PER,EMP_DC,PT,2013,-2.9,
ESTAT:TESEM040(1.0),17/03/23 23:00:00,A,PCH_PRE_PER,EMP_DC,PT,2014,1.4,
ESTAT:TESEM040(1.0),17/03/23 23:00:00,A,PCH_PRE_PER,EMP_DC,PT,2015,1.4,
ESTAT:TESEM040(1.0),17/03/23 23:00:00,A,PCH_PRE_PER,EMP_DC,PT,2016,1.6,
ESTAT:TESEM040(1.0),17/03/23 23:00:00,A,PCH_PRE_PER,EMP_DC,PT,2017,3.3,
ESTAT:TESEM040(1.0),17/03/23 23:00:00,A,PCH_PRE_PER,EMP_DC,PT,2018,2.3,
ESTAT:TESEM040(1.0),17/03/23 23:00:00,A,PCH_PRE_PER,EMP_DC,PT,2019,0.8,
ESTAT:TESEM040(1.0),17/03/23 23:00:00,A,PCH_PRE_PER,EMP_DC,PT,2020,-1.8,
ESTAT:TESEM040(1.0),17/03/23 23:00:00,A,PCH_PRE_PER,EMP_DC,PT,2021,1.9,p
ESTAT:TESEM040(1.0),17/03/23 23:00:00,A,PCH_PRE_PER,EMP_DC,PT,2022,2.0,p
ESTAT:TESEM040(1.0),17/03/23 23:00:00,A,PCH_PRE_PER,EMP_DC,RO,2005,-0.3,
ESTAT:TESEM040(1.0),17/03/23 23:00:00,A,PCH_PRE_PER,EMP_DC,RO,2006,2.1,
ESTAT:TESEM040(1.0),17/03/23 23:00:00,A,PCH_PRE_PER,EMP_DC,RO,2007,1.4,
ESTAT:TESEM040(1.0),17/03/23 23:00:00,A,PCH_PRE_PER,EMP_DC,RO,2008,-1.4,
ESTAT:TESEM040(1.0),17/03/23 23:00:00,A,PCH_PRE_PER,EMP_DC,RO,2009,-3.7,
ESTAT:TESEM040(1.0),17/03/23 23:00:00,A,PCH_PRE_PER,EMP_DC,RO,2010,-3.2,
ESTAT:TESEM040(1.0),17/03/23 23:00:00,A,PCH_PRE_PER,EMP_DC,RO,2011,-2.3,
ESTAT:TESEM040(1.0),17/03/23 23:00:00,A,PCH_PRE_PER,EMP_DC,RO,2012,1.4,
ESTAT:TESEM040(1.0),17/03/23 23:00:00,A,PCH_PRE_PER,EMP_DC,RO,2013,-0.9,
ESTAT:TESEM040(1.0),17/03/23 23:00:00,A,PCH_PRE_PER,EMP_DC,RO,2014,0.8,
ESTAT:TESEM040(1.0),17/03/23 23:00:00,A,PCH_PRE_PER,EMP_DC,RO,2015,-1.3,
ESTAT:TESEM040(1.0),17/03/23 23:00:00,A,PCH_PRE_PER,EMP_DC,RO,2016,-1.1,
ESTAT:TESEM040(1.0),17/03/23 23:00:00,A,PCH_PRE_PER,EMP_DC,RO,2017,2.4,
ESTAT:TESEM040(1.0),17/03/23 23:00:00,A,PCH_PRE_PER,EMP_DC,RO,2018,0.1,
ESTAT:TESEM040(1.0),17/03/23 23:00:00,A,PCH_PRE_PER,EMP_DC,RO,2019,0.1,
ESTAT:TESEM040(1.0),17/03/23 23:00:00,A,PCH_PRE_PER,EMP_DC,RO,2020,-2.1,
ESTAT:TESEM040(1.0),17/03/23 23:00:00,A,PCH_PRE_PER,EMP_DC,RO,2021,1.8,p
ESTAT:TESEM040(1.0),17/03/23 23:00:00,A,PCH_PRE_PER,EMP_DC,RO,2022,0.1,p
ESTAT:TESEM040(1.0),17/03/23 23:00:00,A,PCH_PRE_PER,EMP_DC,RS,2005,,c
ESTAT:TESEM040(1.0),17/03/23 23:00:00,A,PCH_PRE_PER,EMP_DC,RS,2006,,c
ESTAT:TESEM040(1.0),17/03/23 23:00:00,A,PCH_PRE_PER,EMP_DC,RS,2007,,c
ESTAT:TESEM040(1.0),17/03/23 23:00:00,A,PCH_PRE_PER,EMP_DC,RS,2008,,c
ESTAT:TESEM040(1.0),17/03/23 23:00:00,A,PCH_PRE_PER,EMP_DC,RS,2009,,c
ESTAT:TESEM040(1.0),17/03/23 23:00:00,A,PCH_PRE_PER,EMP_DC,RS,2010,,c
ESTAT:TESEM040(1.0),17/03/23 23:00:00,A,PCH_PRE_PER,EMP_DC,RS,2011,,c
ESTAT:TESEM040(1.0),17/03/23 23:00:00,A,PCH_PRE_PER,EMP_DC,RS,2012,,c
ESTAT:TESEM040(1.0),17/03/23 23:00:00,A,PCH_PRE_PER,EMP_DC,RS,2013,,c
ESTAT:TESEM040(1.0),17/03/23 23:00:00,A,PCH_PRE_PER,EMP_DC,RS,2014,,c
ESTAT:TESEM040(1.0),17/03/23 23:00:00,A,PCH_PRE_PER,EMP_DC,RS,2015,,c
ESTAT:TESEM040(1.0),17/03/23 23:00:00,A,PCH_PRE_PER,EMP_DC,RS,2016,,c
ESTAT:TESEM040(1.0),17/03/23 23:00:00,A,PCH_PRE_PER,EMP_DC,RS,2017,,c
ESTAT:TESEM040(1.0),17/03/23 23:00:00,A,PCH_PRE_PER,EMP_DC,RS,2018,,c
ESTAT:TESEM040(1.0),17/03/23 23:00:00,A,PCH_PRE_PER,EMP_DC,RS,2019,,c
ESTAT:TESEM040(1.0),17/03/23 23:00:00,A,PCH_PRE_PER,EMP_DC,RS,2020,,c
ESTAT:TESEM040(1.0),17/03/23 23:00:00,A,PCH_PRE_PER,EMP_DC,RS,2021,,c
ESTAT:TESEM040(1.0),17/03/23 23:00:00,A,PCH_PRE_PER,EMP_DC,RS,2022,,c
ESTAT:TESEM040(1.0),17/03/23 23:00:00,A,PCH_PRE_PER,EMP_DC,SE,2005,0.1,
ESTAT:TESEM040(1.0),17/03/23 23:00:00,A,PCH_PRE_PER,EMP_DC,SE,2006,1.8,
ESTAT:TESEM040(1.0),17/03/23 23:00:00,A,PCH_PRE_PER,EMP_DC,SE,2007,2.3,
ESTAT:TESEM040(1.0),17/03/23 23:00:00,A,PCH_PRE_PER,EMP_DC,SE,2008,0.7,
ESTAT:TESEM040(1.0),17/03/23 23:00:00,A,PCH_PRE_PER,EMP_DC,SE,2009,-2.1,
ESTAT:TESEM040(1.0),17/03/23 23:00:00,A,PCH_PRE_PER,EMP_DC,SE,2010,0.6,
ESTAT:TESEM040(1.0),17/03/23 23:00:00,A,PCH_PRE_PER,EMP_DC,SE,2011,2.3,
ESTAT:TESEM040(1.0),17/03/23 23:00:00,A,PCH_PRE_PER,EMP_DC,SE,2012,0.7,
ESTAT:TESEM040(1.0),17/03/23 23:00:00,A,PCH_PRE_PER,EMP_DC,SE,2013,1.0,
ESTAT:TESEM040(1.0),17/03/23 23:00:00,A,PCH_PRE_PER,EMP_DC,SE,2014,1.4,
ESTAT:TESEM040(1.0),17/03/23 23:00:00,A,PCH_PRE_PER,EMP_DC,SE,2015,1.5,
ESTAT:TESEM040(1.0),17/03/23 23:00:00,A,PCH_PRE_PER,EMP_DC,SE,2016,1.9,
ESTAT:TESEM040(1.0),17/03/23 23:00:00,A,PCH_PRE_PER,EMP_DC,SE,2017,2.5,
ESTAT:TESEM040(1.0),17/03/23 23:00:00,A,PCH_PRE_PER,EMP_DC,SE,2018,1.6,
ESTAT:TESEM040(1.0),17/03/23 23:00:00,A,PCH_PRE_PER,EMP_DC,SE,2019,0.6,
ESTAT:TESEM040(1.0),17/03/23 23:00:00,A,PCH_PRE_PER,EMP_DC,SE,2020,-1.3,
ESTAT:TESEM040(1.0),17/03/23 23:00:00,A,PCH_PRE_PER,EMP_DC,SE,2021,1.2,
ESTAT:TESEM040(1.0),17/03/23 23:00:00,A,PCH_PRE_PER,EMP_DC,SE,2022,2.7,
ESTAT:TESEM040(1.0),17/03/23 23:00:00,A,PCH_PRE_PER,EMP_DC,SI,2005,-0.5,
ESTAT:TESEM040(1.0),17/03/23 23:00:00,A,PCH_PRE_PER,EMP_DC,SI,2006,1.6,
ESTAT:TESEM040(1.0),17/03/23 23:00:00,A,PCH_PRE_PER,EMP_DC,SI,2007,3.4,
ESTAT:TESEM040(1.0),17/03/23 23:00:00,A,PCH_PRE_PER,EMP_DC,SI,2008,2.5,
ESTAT:TESEM040(1.0),17/03/23 23:00:00,A,PCH_PRE_PER,EMP_DC,SI,2009,-1.6,
ESTAT:TESEM040(1.0),17/03/23 23:00:00,A,PCH_PRE_PER,EMP_DC,SI,2010,-2.1,
ESTAT:TESEM040(1.0),17/03/23 23:00:00,A,PCH_PRE_PER,EMP_DC,SI,2011,-1.7,
ESTAT:TESEM040(1.0),17/03/23 23:00:00,A,PCH_PRE_PER,EMP_DC,SI,2012,-0.9,
ESTAT:TESEM040(1.0),17/03/23 23:00:00,A,PCH_PRE_PER,EMP_DC,SI,2013,-1.1,
ESTAT:TESEM040(1.0),17/03/23 23:00:00,A,PCH_PRE_PER,EMP_DC,SI,2014,0.4,
ESTAT:TESEM040(1.0),17/03/23 23:00:00,A,PCH_PRE_PER,EMP_DC,SI,2015,1.3,
ESTAT:TESEM040(1.0),17/03/23 23:00:00,A,PCH_PRE_PER,EMP_DC,SI,2016,1.8,
ESTAT:TESEM040(1.0),17/03/23 23:00:00,A,PCH_PRE_PER,EMP_DC,SI,2017,2.9,
ESTAT:TESEM040(1.0),17/03/23 23:00:00,A,PCH_PRE_PER,EMP_DC,SI,2018,3.2,
ESTAT:TESEM040(1.0),17/03/23 23:00:00,A,PCH_PRE_PER,EMP_DC,SI,2019,2.5,
ESTAT:TESEM040(1.0),17/03/23 23:00:00,A,PCH_PRE_PER,EMP_DC,SI,2020,-0.7,
ESTAT:TESEM040(1.0),17/03/23 23:00:00,A,PCH_PRE_PER,EMP_DC,SI,2021,1.3,
ESTAT:TESEM040(1.0),17/03/23 23:00:00,A,PCH_PRE_PER,EMP_DC,SI,2022,2.4,
ESTAT:TESEM040(1.0),17/03/23 23:00:00,A,PCH_PRE_PER,EMP_DC,SK,2005,1.6,
ESTAT:TESEM040(1.0),17/03/23 23:00:00,A,PCH_PRE_PER,EMP_DC,SK,2006,2.1,
ESTAT:TESEM040(1.0),17/03/23 23:00:00,A,PCH_PRE_PER,EMP_DC,SK,2007,2.1,
ESTAT:TESEM040(1.0),17/03/23 23:00:00,A,PCH_PRE_PER,EMP_DC,SK,2008,3.2,
ESTAT:TESEM040(1.0),17/03/23 23:00:00,A,PCH_PRE_PER,EMP_DC,SK,2009,-2.0,
ESTAT:TESEM040(1.0),17/03/23 23:00:00,A,PCH_PRE_PER,EMP_DC,SK,2010,-1.5,
ESTAT:TESEM040(1.0),17/03/23 23:00:00,A,PCH_PRE_PER,EMP_DC,SK,2011,1.8,
ESTAT:TESEM040(1.0),17/03/23 23:00:00,A,PCH_PRE_PER,EMP_DC,SK,2012,0.1,
ESTAT:TESEM040(1.0),17/03/23 23:00:00,A,PCH_PRE_PER,EMP_DC,SK,2013,-0.8,
ESTAT:TESEM040(1.0),17/03/23 23:00:00,A,PCH_PRE_PER,EMP_DC,SK,2014,1.4,
ESTAT:TESEM040(1.0),17/03/23 23:00:00,A,PCH_PRE_PER,EMP_DC,SK,2015,2.0,
ESTAT:TESEM040(1.0),17/03/23 23:00:00,A,PCH_PRE_PER,EMP_DC,SK,2016,2.4,
ESTAT:TESEM040(1.0),17/03/23 23:00:00,A,PCH_PRE_PER,EMP_DC,SK,2017,2.2,
ESTAT:TESEM040(1.0),17/03/23 23:00:00,A,PCH_PRE_PER,EMP_DC,SK,2018,2.0,
ESTAT:TESEM040(1.0),17/03/23 23:00:00,A,PCH_PRE_PER,EMP_DC,SK,2019,1.0,
ESTAT:TESEM040(1.0),17/03/23 23:00:00,A,PCH_PRE_PER,EMP_DC,SK,2020,-1.9,
ESTAT:TESEM040(1.0),17/03/23 23:00:00,A,PCH_PRE_PER,EMP_DC,SK,2021,-0.6,
ESTAT:TESEM040(1.0),17/03/23 23:00:00,A,PCH_PRE_PER,EMP_DC,SK,2022,1.8,
ESTAT:TESEM040(1.0),17/03/23 23:00:00,A,PCH_PRE_PER,EMP_DC,UK,2005,1.1,
ESTAT:TESEM040(1.0),17/03/23 23:00:00,A,PCH_PRE_PER,EMP_DC,UK,2006,1.0,
ESTAT:TESEM040(1.0),17/03/23 23:00:00,A,PCH_PRE_PER,EMP_DC,UK,2007,0.8,
ESTAT:TESEM040(1.0),17/03/23 23:00:00,A,PCH_PRE_PER,EMP_DC,UK,2008,0.8,
ESTAT:TESEM040(1.0),17/03/23 23:00:00,A,PCH_PRE_PER,EMP_DC,UK,2009,-1.6,
ESTAT:TESEM040(1.0),17/03/23 23:00:00,A,PCH_PRE_PER,EMP_DC,UK,2010,0.2,
ESTAT:TESEM040(1.0),17/03/23 23:00:00,A,PCH_PRE_PER,EMP_DC,UK,2011,0.5,
ESTAT:TESEM040(1.0),17/03/23 23:00:00,A,PCH_PRE_PER,EMP_DC,UK,2012,1.1,
ESTAT:TESEM040(1.0),17/03/23 23:00:00,A,PCH_PRE_PER,EMP_DC,UK,2013,1.2,
ESTAT:TESEM040(1.0),17/03/23 23:00:00,A,PCH_PRE_PER,EMP_DC,UK,2014,2.4,
ESTAT:TESEM040(1.0),17/03/23 23:00:00,A,PCH_PRE_PER,EMP_DC,UK,2015,1.7,
ESTAT:TESEM040(1.0),17/03/23 23:00:00,A,PCH_PRE_PER,EMP_DC,UK,2016,1.5,
ESTAT:TESEM040(1.0),17/03/23 23:00:00,A,PCH_PRE_PER,EMP_DC,UK,2017,1.0,
ESTAT:TESEM040(1.0),17/03/23 23:00:00,A,PCH_PRE_PER,EMP_DC,UK,2018,1.2,
ESTAT:TESEM040(1.0),17/03/23 23:00:00,A,PCH_PRE_PER,EMP_DC,UK,2019,1.1,
ESTAT:TESEM040(1.0),17/03/23 23:00:00,A,PCH_PRE_PER,EMP_DC,XK,2013,,c
ESTAT:TESEM040(1.0),17/03/23 23:00:00,A,PCH_PRE_PER,EMP_DC,XK,2014,,c
ESTAT:TESEM040(1.0),17/03/23 23:00:00,A,PCH_PRE_PER,EMP_DC,XK,2015,,c
ESTAT:TESEM040(1.0),17/03/23 23:00:00,A,PCH_PRE_PER,EMP_DC,XK,2016,,c
ESTAT:TESEM040(1.0),17/03/23 23:00:00,A,PCH_PRE_PER,EMP_DC,XK,2017,,c
ESTAT:TESEM040(1.0),17/03/23 23:00:00,A,PCH_PRE_PER,EMP_DC,XK,2018,,c
ESTAT:TESEM040(1.0),17/03/23 23:00:00,A,PCH_PRE_PER,EMP_DC,XK,2019,,c
