DATAFLOW,LAST UPDATE,freq,sex,age,unit,isced11,geo,TIME_PERIOD,OBS_VALUE,OBS_FLAG
ESTAT:TESEM240(1.0),15/02/23 23:00:00,A,T,Y25-64,PC,ED3-8,AT,2005,80.4,
ESTAT:TESEM240(1.0),15/02/23 23:00:00,A,T,Y25-64,PC,ED3-8,AT,2006,80.1,b
ESTAT:TESEM240(1.0),15/02/23 23:00:00,A,T,Y25-64,PC,ED3-8,AT,2007,79.9,
ESTAT:TESEM240(1.0),15/02/23 23:00:00,A,T,Y25-64,PC,ED3-8,AT,2008,80.9,
ESTAT:TESEM240(1.0),15/02/23 23:00:00,A,T,Y25-64,PC,ED3-8,AT,2009,81.6,
ESTAT:TESEM240(1.0),15/02/23 23:00:00,A,T,Y25-64,PC,ED3-8,AT,2010,82.4,
ESTAT:TESEM240(1.0),15/02/23 23:00:00,A,T,Y25-64,PC,ED3-8,AT,2011,82.4,
ESTAT:TESEM240(1.0),15/02/23 23:00:00,A,T,Y25-64,PC,ED3-8,AT,2012,82.9,
ESTAT:TESEM240(1.0),15/02/23 23:00:00,A,T,Y25-64,PC,ED3-8,AT,2013,83.0,
ESTAT:TESEM240(1.0),15/02/23 23:00:00,A,T,Y25-64,PC,ED3-8,AT,2014,83.9,b
ESTAT:TESEM240(1.0),15/02/23 23:00:00,A,T,Y25-64,PC,ED3-8,AT,2015,84.6,
ESTAT:TESEM240(1.0),15/02/23 23:00:00,A,T,Y25-64,PC,ED3-8,AT,2016,84.5,
ESTAT:TESEM240(1.0),15/02/23 23:00:00,A,T,Y25-64,PC,ED3-8,AT,2017,85.0,
ESTAT:TESEM240(1.0),15/02/23 23:00:00,A,T,Y25-64,PC,ED3-8,AT,2018,85.3,
ESTAT:TESEM240(1.0),15/02/23 23:00:00,A,T,Y25-64,PC,ED3-8,AT,2019,85.6,
ESTAT:TESEM240(1.0),15/02/23 23:00:00,A,T,Y25-64,PC,ED3-8,AT,2020,85.7,
ESTAT:TESEM240(1.0),15/02/23 23:00:00,A,T,Y25-64,PC,ED3-8,AT,2021,85.9,b
ESTAT:TESEM240(1.0),15/02/23 23:00:00,A,T,Y25-64,PC,ED3-8,BE,2005,66.1,
ESTAT:TESEM240(1.0),15/02/23 23:00:00,A,T,Y25-64,PC,ED3-8,BE,2006,66.9,
ESTAT:TESEM240(1.0),15/02/23 23:00:00,A,T,Y25-64,PC,ED3-8,BE,2007,68.0,
ESTAT:TESEM240(1.0),15/02/23 23:00:00,A,T,Y25-64,PC,ED3-8,BE,2008,69.6,b
ESTAT:TESEM240(1.0),15/02/23 23:00:00,A,T,Y25-64,PC,ED3-8,BE,2009,70.6,
ESTAT:TESEM240(1.0),15/02/23 23:00:00,A,T,Y25-64,PC,ED3-8,BE,2010,70.5,
ESTAT:TESEM240(1.0),15/02/23 23:00:00,A,T,Y25-64,PC,ED3-8,BE,2011,71.3,
ESTAT:TESEM240(1.0),15/02/23 23:00:00,A,T,Y25-64,PC,ED3-8,BE,2012,71.6,
ESTAT:TESEM240(1.0),15/02/23 23:00:00,A,T,Y25-64,PC,ED3-8,BE,2013,72.8,
ESTAT:TESEM240(1.0),15/02/23 23:00:00,A,T,Y25-64,PC,ED3-8,BE,2014,73.6,b
ESTAT:TESEM240(1.0),15/02/23 23:00:00,A,T,Y25-64,PC,ED3-8,BE,2015,74.7,
ESTAT:TESEM240(1.0),15/02/23 23:00:00,A,T,Y25-64,PC,ED3-8,BE,2016,75.1,
ESTAT:TESEM240(1.0),15/02/23 23:00:00,A,T,Y25-64,PC,ED3-8,BE,2017,76.8,b
ESTAT:TESEM240(1.0),15/02/23 23:00:00,A,T,Y25-64,PC,ED3-8,BE,2018,78.2,
ESTAT:TESEM240(1.0),15/02/23 23:00:00,A,T,Y25-64,PC,ED3-8,BE,2019,78.7,
ESTAT:TESEM240(1.0),15/02/23 23:00:00,A,T,Y25-64,PC,ED3-8,BE,2020,79.8,
ESTAT:TESEM240(1.0),15/02/23 23:00:00,A,T,Y25-64,PC,ED3-8,BE,2021,81.5,b
ESTAT:TESEM240(1.0),15/02/23 23:00:00,A,T,Y25-64,PC,ED3-8,BG,2005,72.5,
ESTAT:TESEM240(1.0),15/02/23 23:00:00,A,T,Y25-64,PC,ED3-8,BG,2006,75.5,b
ESTAT:TESEM240(1.0),15/02/23 23:00:00,A,T,Y25-64,PC,ED3-8,BG,2007,77.4,
ESTAT:TESEM240(1.0),15/02/23 23:00:00,A,T,Y25-64,PC,ED3-8,BG,2008,77.5,
ESTAT:TESEM240(1.0),15/02/23 23:00:00,A,T,Y25-64,PC,ED3-8,BG,2009,77.9,
ESTAT:TESEM240(1.0),15/02/23 23:00:00,A,T,Y25-64,PC,ED3-8,BG,2010,79.1,b
ESTAT:TESEM240(1.0),15/02/23 23:00:00,A,T,Y25-64,PC,ED3-8,BG,2011,80.0,b
ESTAT:TESEM240(1.0),15/02/23 23:00:00,A,T,Y25-64,PC,ED3-8,BG,2012,81.0,
ESTAT:TESEM240(1.0),15/02/23 23:00:00,A,T,Y25-64,PC,ED3-8,BG,2013,81.8,
ESTAT:TESEM240(1.0),15/02/23 23:00:00,A,T,Y25-64,PC,ED3-8,BG,2014,81.1,b
ESTAT:TESEM240(1.0),15/02/23 23:00:00,A,T,Y25-64,PC,ED3-8,BG,2015,81.9,
ESTAT:TESEM240(1.0),15/02/23 23:00:00,A,T,Y25-64,PC,ED3-8,BG,2016,82.3,
ESTAT:TESEM240(1.0),15/02/23 23:00:00,A,T,Y25-64,PC,ED3-8,BG,2017,82.8,
ESTAT:TESEM240(1.0),15/02/23 23:00:00,A,T,Y25-64,PC,ED3-8,BG,2018,82.6,
ESTAT:TESEM240(1.0),15/02/23 23:00:00,A,T,Y25-64,PC,ED3-8,BG,2019,82.5,
ESTAT:TESEM240(1.0),15/02/23 23:00:00,A,T,Y25-64,PC,ED3-8,BG,2020,83.1,
ESTAT:TESEM240(1.0),15/02/23 23:00:00,A,T,Y25-64,PC,ED3-8,BG,2021,83.4,b
ESTAT:TESEM240(1.0),15/02/23 23:00:00,A,T,Y25-64,PC,ED3-8,CH,2005,83.0,
ESTAT:TESEM240(1.0),15/02/23 23:00:00,A,T,Y25-64,PC,ED3-8,CH,2006,85.2,
ESTAT:TESEM240(1.0),15/02/23 23:00:00,A,T,Y25-64,PC,ED3-8,CH,2007,86.0,
ESTAT:TESEM240(1.0),15/02/23 23:00:00,A,T,Y25-64,PC,ED3-8,CH,2008,86.8,
ESTAT:TESEM240(1.0),15/02/23 23:00:00,A,T,Y25-64,PC,ED3-8,CH,2009,86.9,
ESTAT:TESEM240(1.0),15/02/23 23:00:00,A,T,Y25-64,PC,ED3-8,CH,2010,85.0,b
ESTAT:TESEM240(1.0),15/02/23 23:00:00,A,T,Y25-64,PC,ED3-8,CH,2011,84.8,
ESTAT:TESEM240(1.0),15/02/23 23:00:00,A,T,Y25-64,PC,ED3-8,CH,2012,85.7,
ESTAT:TESEM240(1.0),15/02/23 23:00:00,A,T,Y25-64,PC,ED3-8,CH,2013,86.4,
ESTAT:TESEM240(1.0),15/02/23 23:00:00,A,T,Y25-64,PC,ED3-8,CH,2014,87.2,b
ESTAT:TESEM240(1.0),15/02/23 23:00:00,A,T,Y25-64,PC,ED3-8,CH,2015,87.3,
ESTAT:TESEM240(1.0),15/02/23 23:00:00,A,T,Y25-64,PC,ED3-8,CH,2016,87.4,
ESTAT:TESEM240(1.0),15/02/23 23:00:00,A,T,Y25-64,PC,ED3-8,CH,2017,87.8,
ESTAT:TESEM240(1.0),15/02/23 23:00:00,A,T,Y25-64,PC,ED3-8,CH,2018,88.4,
ESTAT:TESEM240(1.0),15/02/23 23:00:00,A,T,Y25-64,PC,ED3-8,CH,2019,89.0,
ESTAT:TESEM240(1.0),15/02/23 23:00:00,A,T,Y25-64,PC,ED3-8,CH,2020,89.3,
ESTAT:TESEM240(1.0),15/02/23 23:00:00,A,T,Y25-64,PC,ED3-8,CH,2021,87.4,b
ESTAT:TESEM240(1.0),15/02/23 23:00:00,A,T,Y25-64,PC,ED3-8,CY,2005,66.6,
ESTAT:TESEM240(1.0),15/02/23 23:00:00,A,T,Y25-64,PC,ED3-8,CY,2006,69.5,
ESTAT:TESEM240(1.0),15/02/23 23:00:00,A,T,Y25-64,PC,ED3-8,CY,2007,72.1,
ESTAT:TESEM240(1.0),15/02/23 23:00:00,A,T,Y25-64,PC,ED3-8,CY,2008,73.1,
ESTAT:TESEM240(1.0),15/02/23 23:00:00,A,T,Y25-64,PC,ED3-8,CY,2009,72.3,b
ESTAT:TESEM240(1.0),15/02/23 23:00:00,A,T,Y25-64,PC,ED3-8,CY,2010,74.0,
ESTAT:TESEM240(1.0),15/02/23 23:00:00,A,T,Y25-64,PC,ED3-8,CY,2011,75.2,
ESTAT:TESEM240(1.0),15/02/23 23:00:00,A,T,Y25-64,PC,ED3-8,CY,2012,77.4,
ESTAT:TESEM240(1.0),15/02/23 23:00:00,A,T,Y25-64,PC,ED3-8,CY,2013,78.5,
ESTAT:TESEM240(1.0),15/02/23 23:00:00,A,T,Y25-64,PC,ED3-8,CY,2014,77.6,b
ESTAT:TESEM240(1.0),15/02/23 23:00:00,A,T,Y25-64,PC,ED3-8,CY,2015,77.9,
ESTAT:TESEM240(1.0),15/02/23 23:00:00,A,T,Y25-64,PC,ED3-8,CY,2016,79.5,
ESTAT:TESEM240(1.0),15/02/23 23:00:00,A,T,Y25-64,PC,ED3-8,CY,2017,81.1,
ESTAT:TESEM240(1.0),15/02/23 23:00:00,A,T,Y25-64,PC,ED3-8,CY,2018,82.2,
ESTAT:TESEM240(1.0),15/02/23 23:00:00,A,T,Y25-64,PC,ED3-8,CY,2019,82.5,
ESTAT:TESEM240(1.0),15/02/23 23:00:00,A,T,Y25-64,PC,ED3-8,CY,2020,83.2,
ESTAT:TESEM240(1.0),15/02/23 23:00:00,A,T,Y25-64,PC,ED3-8,CY,2021,84.6,b
ESTAT:TESEM240(1.0),15/02/23 23:00:00,A,T,Y25-64,PC,ED3-8,CZ,2005,89.9,
ESTAT:TESEM240(1.0),15/02/23 23:00:00,A,T,Y25-64,PC,ED3-8,CZ,2006,90.3,
ESTAT:TESEM240(1.0),15/02/23 23:00:00,A,T,Y25-64,PC,ED3-8,CZ,2007,90.5,
ESTAT:TESEM240(1.0),15/02/23 23:00:00,A,T,Y25-64,PC,ED3-8,CZ,2008,90.9,
ESTAT:TESEM240(1.0),15/02/23 23:00:00,A,T,Y25-64,PC,ED3-8,CZ,2009,91.4,
ESTAT:TESEM240(1.0),15/02/23 23:00:00,A,T,Y25-64,PC,ED3-8,CZ,2010,91.9,
ESTAT:TESEM240(1.0),15/02/23 23:00:00,A,T,Y25-64,PC,ED3-8,CZ,2011,92.3,b
ESTAT:TESEM240(1.0),15/02/23 23:00:00,A,T,Y25-64,PC,ED3-8,CZ,2012,92.5,
ESTAT:TESEM240(1.0),15/02/23 23:00:00,A,T,Y25-64,PC,ED3-8,CZ,2013,92.8,
ESTAT:TESEM240(1.0),15/02/23 23:00:00,A,T,Y25-64,PC,ED3-8,CZ,2014,93.2,b
ESTAT:TESEM240(1.0),15/02/23 23:00:00,A,T,Y25-64,PC,ED3-8,CZ,2015,93.2,
ESTAT:TESEM240(1.0),15/02/23 23:00:00,A,T,Y25-64,PC,ED3-8,CZ,2016,93.4,
ESTAT:TESEM240(1.0),15/02/23 23:00:00,A,T,Y25-64,PC,ED3-8,CZ,2017,93.8,
ESTAT:TESEM240(1.0),15/02/23 23:00:00,A,T,Y25-64,PC,ED3-8,CZ,2018,93.9,
ESTAT:TESEM240(1.0),15/02/23 23:00:00,A,T,Y25-64,PC,ED3-8,CZ,2019,93.8,
ESTAT:TESEM240(1.0),15/02/23 23:00:00,A,T,Y25-64,PC,ED3-8,CZ,2020,94.1,
ESTAT:TESEM240(1.0),15/02/23 23:00:00,A,T,Y25-64,PC,ED3-8,CZ,2021,94.4,b
ESTAT:TESEM240(1.0),15/02/23 23:00:00,A,T,Y25-64,PC,ED3-8,DE,2005,83.1,b
ESTAT:TESEM240(1.0),15/02/23 23:00:00,A,T,Y25-64,PC,ED3-8,DE,2006,83.2,
ESTAT:TESEM240(1.0),15/02/23 23:00:00,A,T,Y25-64,PC,ED3-8,DE,2007,84.4,
ESTAT:TESEM240(1.0),15/02/23 23:00:00,A,T,Y25-64,PC,ED3-8,DE,2008,85.3,
ESTAT:TESEM240(1.0),15/02/23 23:00:00,A,T,Y25-64,PC,ED3-8,DE,2009,85.5,
ESTAT:TESEM240(1.0),15/02/23 23:00:00,A,T,Y25-64,PC,ED3-8,DE,2010,86.1,b
ESTAT:TESEM240(1.0),15/02/23 23:00:00,A,T,Y25-64,PC,ED3-8,DE,2011,86.6,
ESTAT:TESEM240(1.0),15/02/23 23:00:00,A,T,Y25-64,PC,ED3-8,DE,2012,86.6,
ESTAT:TESEM240(1.0),15/02/23 23:00:00,A,T,Y25-64,PC,ED3-8,DE,2013,86.7,
ESTAT:TESEM240(1.0),15/02/23 23:00:00,A,T,Y25-64,PC,ED3-8,DE,2014,86.9,b
ESTAT:TESEM240(1.0),15/02/23 23:00:00,A,T,Y25-64,PC,ED3-8,DE,2015,86.8,
ESTAT:TESEM240(1.0),15/02/23 23:00:00,A,T,Y25-64,PC,ED3-8,DE,2016,86.5,
ESTAT:TESEM240(1.0),15/02/23 23:00:00,A,T,Y25-64,PC,ED3-8,DE,2017,86.5,
ESTAT:TESEM240(1.0),15/02/23 23:00:00,A,T,Y25-64,PC,ED3-8,DE,2018,86.6,
ESTAT:TESEM240(1.0),15/02/23 23:00:00,A,T,Y25-64,PC,ED3-8,DE,2019,86.6,
ESTAT:TESEM240(1.0),15/02/23 23:00:00,A,T,Y25-64,PC,ED3-8,DE,2020,85.7,b
ESTAT:TESEM240(1.0),15/02/23 23:00:00,A,T,Y25-64,PC,ED3-8,DE,2021,84.8,b
ESTAT:TESEM240(1.0),15/02/23 23:00:00,A,T,Y25-64,PC,ED3-8,DK,2005,81.0,
ESTAT:TESEM240(1.0),15/02/23 23:00:00,A,T,Y25-64,PC,ED3-8,DK,2006,81.6,
ESTAT:TESEM240(1.0),15/02/23 23:00:00,A,T,Y25-64,PC,ED3-8,DK,2007,74.3,b
ESTAT:TESEM240(1.0),15/02/23 23:00:00,A,T,Y25-64,PC,ED3-8,DK,2008,73.5,b
ESTAT:TESEM240(1.0),15/02/23 23:00:00,A,T,Y25-64,PC,ED3-8,DK,2009,74.5,
ESTAT:TESEM240(1.0),15/02/23 23:00:00,A,T,Y25-64,PC,ED3-8,DK,2010,75.3,
ESTAT:TESEM240(1.0),15/02/23 23:00:00,A,T,Y25-64,PC,ED3-8,DK,2011,76.7,
ESTAT:TESEM240(1.0),15/02/23 23:00:00,A,T,Y25-64,PC,ED3-8,DK,2012,77.6,
ESTAT:TESEM240(1.0),15/02/23 23:00:00,A,T,Y25-64,PC,ED3-8,DK,2013,77.9,
ESTAT:TESEM240(1.0),15/02/23 23:00:00,A,T,Y25-64,PC,ED3-8,DK,2014,78.9,b
ESTAT:TESEM240(1.0),15/02/23 23:00:00,A,T,Y25-64,PC,ED3-8,DK,2015,79.7,
ESTAT:TESEM240(1.0),15/02/23 23:00:00,A,T,Y25-64,PC,ED3-8,DK,2016,80.3,b
ESTAT:TESEM240(1.0),15/02/23 23:00:00,A,T,Y25-64,PC,ED3-8,DK,2017,81.0,b
ESTAT:TESEM240(1.0),15/02/23 23:00:00,A,T,Y25-64,PC,ED3-8,DK,2018,81.1,
ESTAT:TESEM240(1.0),15/02/23 23:00:00,A,T,Y25-64,PC,ED3-8,DK,2019,81.6,
ESTAT:TESEM240(1.0),15/02/23 23:00:00,A,T,Y25-64,PC,ED3-8,DK,2020,81.5,
ESTAT:TESEM240(1.0),15/02/23 23:00:00,A,T,Y25-64,PC,ED3-8,DK,2021,82.4,b
ESTAT:TESEM240(1.0),15/02/23 23:00:00,A,T,Y25-64,PC,ED3-8,EA20,2005,65.4,
ESTAT:TESEM240(1.0),15/02/23 23:00:00,A,T,Y25-64,PC,ED3-8,EA20,2006,65.9,
ESTAT:TESEM240(1.0),15/02/23 23:00:00,A,T,Y25-64,PC,ED3-8,EA20,2007,66.8,
ESTAT:TESEM240(1.0),15/02/23 23:00:00,A,T,Y25-64,PC,ED3-8,EA20,2008,67.6,
ESTAT:TESEM240(1.0),15/02/23 23:00:00,A,T,Y25-64,PC,ED3-8,EA20,2009,68.2,
ESTAT:TESEM240(1.0),15/02/23 23:00:00,A,T,Y25-64,PC,ED3-8,EA20,2010,68.9,
ESTAT:TESEM240(1.0),15/02/23 23:00:00,A,T,Y25-64,PC,ED3-8,EA20,2011,69.7,
ESTAT:TESEM240(1.0),15/02/23 23:00:00,A,T,Y25-64,PC,ED3-8,EA20,2012,70.5,
ESTAT:TESEM240(1.0),15/02/23 23:00:00,A,T,Y25-64,PC,ED3-8,EA20,2013,71.7,
ESTAT:TESEM240(1.0),15/02/23 23:00:00,A,T,Y25-64,PC,ED3-8,EA20,2014,72.7,b
ESTAT:TESEM240(1.0),15/02/23 23:00:00,A,T,Y25-64,PC,ED3-8,EA20,2015,73.4,
ESTAT:TESEM240(1.0),15/02/23 23:00:00,A,T,Y25-64,PC,ED3-8,EA20,2016,73.8,
ESTAT:TESEM240(1.0),15/02/23 23:00:00,A,T,Y25-64,PC,ED3-8,EA20,2017,74.3,
ESTAT:TESEM240(1.0),15/02/23 23:00:00,A,T,Y25-64,PC,ED3-8,EA20,2018,75.0,
ESTAT:TESEM240(1.0),15/02/23 23:00:00,A,T,Y25-64,PC,ED3-8,EA20,2019,75.8,
ESTAT:TESEM240(1.0),15/02/23 23:00:00,A,T,Y25-64,PC,ED3-8,EA20,2020,76.4,
ESTAT:TESEM240(1.0),15/02/23 23:00:00,A,T,Y25-64,PC,ED3-8,EA20,2021,76.7,b
ESTAT:TESEM240(1.0),15/02/23 23:00:00,A,T,Y25-64,PC,ED3-8,EE,2005,89.0,
ESTAT:TESEM240(1.0),15/02/23 23:00:00,A,T,Y25-64,PC,ED3-8,EE,2006,88.5,
ESTAT:TESEM240(1.0),15/02/23 23:00:00,A,T,Y25-64,PC,ED3-8,EE,2007,89.1,
ESTAT:TESEM240(1.0),15/02/23 23:00:00,A,T,Y25-64,PC,ED3-8,EE,2008,88.4,
ESTAT:TESEM240(1.0),15/02/23 23:00:00,A,T,Y25-64,PC,ED3-8,EE,2009,88.8,
ESTAT:TESEM240(1.0),15/02/23 23:00:00,A,T,Y25-64,PC,ED3-8,EE,2010,89.3,
ESTAT:TESEM240(1.0),15/02/23 23:00:00,A,T,Y25-64,PC,ED3-8,EE,2011,89.1,
ESTAT:TESEM240(1.0),15/02/23 23:00:00,A,T,Y25-64,PC,ED3-8,EE,2012,90.0,
ESTAT:TESEM240(1.0),15/02/23 23:00:00,A,T,Y25-64,PC,ED3-8,EE,2013,90.6,
ESTAT:TESEM240(1.0),15/02/23 23:00:00,A,T,Y25-64,PC,ED3-8,EE,2014,88.2,b
ESTAT:TESEM240(1.0),15/02/23 23:00:00,A,T,Y25-64,PC,ED3-8,EE,2015,87.7,
ESTAT:TESEM240(1.0),15/02/23 23:00:00,A,T,Y25-64,PC,ED3-8,EE,2016,88.6,
ESTAT:TESEM240(1.0),15/02/23 23:00:00,A,T,Y25-64,PC,ED3-8,EE,2017,88.1,
ESTAT:TESEM240(1.0),15/02/23 23:00:00,A,T,Y25-64,PC,ED3-8,EE,2018,88.0,
ESTAT:TESEM240(1.0),15/02/23 23:00:00,A,T,Y25-64,PC,ED3-8,EE,2019,89.0,
ESTAT:TESEM240(1.0),15/02/23 23:00:00,A,T,Y25-64,PC,ED3-8,EE,2020,89.3,
ESTAT:TESEM240(1.0),15/02/23 23:00:00,A,T,Y25-64,PC,ED3-8,EE,2021,89.5,b
ESTAT:TESEM240(1.0),15/02/23 23:00:00,A,T,Y25-64,PC,ED3-8,EL,2005,60.2,
ESTAT:TESEM240(1.0),15/02/23 23:00:00,A,T,Y25-64,PC,ED3-8,EL,2006,59.2,
ESTAT:TESEM240(1.0),15/02/23 23:00:00,A,T,Y25-64,PC,ED3-8,EL,2007,60.1,
ESTAT:TESEM240(1.0),15/02/23 23:00:00,A,T,Y25-64,PC,ED3-8,EL,2008,61.3,
ESTAT:TESEM240(1.0),15/02/23 23:00:00,A,T,Y25-64,PC,ED3-8,EL,2009,61.5,b
ESTAT:TESEM240(1.0),15/02/23 23:00:00,A,T,Y25-64,PC,ED3-8,EL,2010,62.7,
ESTAT:TESEM240(1.0),15/02/23 23:00:00,A,T,Y25-64,PC,ED3-8,EL,2011,64.6,
ESTAT:TESEM240(1.0),15/02/23 23:00:00,A,T,Y25-64,PC,ED3-8,EL,2012,65.8,
ESTAT:TESEM240(1.0),15/02/23 23:00:00,A,T,Y25-64,PC,ED3-8,EL,2013,67.2,
ESTAT:TESEM240(1.0),15/02/23 23:00:00,A,T,Y25-64,PC,ED3-8,EL,2014,68.4,b
ESTAT:TESEM240(1.0),15/02/23 23:00:00,A,T,Y25-64,PC,ED3-8,EL,2015,70.4,
ESTAT:TESEM240(1.0),15/02/23 23:00:00,A,T,Y25-64,PC,ED3-8,EL,2016,71.8,
ESTAT:TESEM240(1.0),15/02/23 23:00:00,A,T,Y25-64,PC,ED3-8,EL,2017,72.9,
ESTAT:TESEM240(1.0),15/02/23 23:00:00,A,T,Y25-64,PC,ED3-8,EL,2018,73.6,
ESTAT:TESEM240(1.0),15/02/23 23:00:00,A,T,Y25-64,PC,ED3-8,EL,2019,76.8,
ESTAT:TESEM240(1.0),15/02/23 23:00:00,A,T,Y25-64,PC,ED3-8,EL,2020,78.8,
ESTAT:TESEM240(1.0),15/02/23 23:00:00,A,T,Y25-64,PC,ED3-8,EL,2021,79.8,b
ESTAT:TESEM240(1.0),15/02/23 23:00:00,A,T,Y25-64,PC,ED3-8,ES,2005,48.8,b
ESTAT:TESEM240(1.0),15/02/23 23:00:00,A,T,Y25-64,PC,ED3-8,ES,2006,49.7,
ESTAT:TESEM240(1.0),15/02/23 23:00:00,A,T,Y25-64,PC,ED3-8,ES,2007,50.6,
ESTAT:TESEM240(1.0),15/02/23 23:00:00,A,T,Y25-64,PC,ED3-8,ES,2008,51.1,
ESTAT:TESEM240(1.0),15/02/23 23:00:00,A,T,Y25-64,PC,ED3-8,ES,2009,51.6,
ESTAT:TESEM240(1.0),15/02/23 23:00:00,A,T,Y25-64,PC,ED3-8,ES,2010,52.9,
ESTAT:TESEM240(1.0),15/02/23 23:00:00,A,T,Y25-64,PC,ED3-8,ES,2011,54.0,
ESTAT:TESEM240(1.0),15/02/23 23:00:00,A,T,Y25-64,PC,ED3-8,ES,2012,54.7,
ESTAT:TESEM240(1.0),15/02/23 23:00:00,A,T,Y25-64,PC,ED3-8,ES,2013,55.5,
ESTAT:TESEM240(1.0),15/02/23 23:00:00,A,T,Y25-64,PC,ED3-8,ES,2014,56.6,b
ESTAT:TESEM240(1.0),15/02/23 23:00:00,A,T,Y25-64,PC,ED3-8,ES,2015,57.4,
ESTAT:TESEM240(1.0),15/02/23 23:00:00,A,T,Y25-64,PC,ED3-8,ES,2016,58.3,
ESTAT:TESEM240(1.0),15/02/23 23:00:00,A,T,Y25-64,PC,ED3-8,ES,2017,59.1,
ESTAT:TESEM240(1.0),15/02/23 23:00:00,A,T,Y25-64,PC,ED3-8,ES,2018,60.1,
ESTAT:TESEM240(1.0),15/02/23 23:00:00,A,T,Y25-64,PC,ED3-8,ES,2019,61.3,
ESTAT:TESEM240(1.0),15/02/23 23:00:00,A,T,Y25-64,PC,ED3-8,ES,2020,62.9,
ESTAT:TESEM240(1.0),15/02/23 23:00:00,A,T,Y25-64,PC,ED3-8,ES,2021,63.9,b
ESTAT:TESEM240(1.0),15/02/23 23:00:00,A,T,Y25-64,PC,ED3-8,EU27_2020,2005,69.0,
ESTAT:TESEM240(1.0),15/02/23 23:00:00,A,T,Y25-64,PC,ED3-8,EU27_2020,2006,69.6,
ESTAT:TESEM240(1.0),15/02/23 23:00:00,A,T,Y25-64,PC,ED3-8,EU27_2020,2007,70.3,
ESTAT:TESEM240(1.0),15/02/23 23:00:00,A,T,Y25-64,PC,ED3-8,EU27_2020,2008,71.1,
ESTAT:TESEM240(1.0),15/02/23 23:00:00,A,T,Y25-64,PC,ED3-8,EU27_2020,2009,71.6,
ESTAT:TESEM240(1.0),15/02/23 23:00:00,A,T,Y25-64,PC,ED3-8,EU27_2020,2010,72.2,
ESTAT:TESEM240(1.0),15/02/23 23:00:00,A,T,Y25-64,PC,ED3-8,EU27_2020,2011,73.0,
ESTAT:TESEM240(1.0),15/02/23 23:00:00,A,T,Y25-64,PC,ED3-8,EU27_2020,2012,73.7,
ESTAT:TESEM240(1.0),15/02/23 23:00:00,A,T,Y25-64,PC,ED3-8,EU27_2020,2013,74.7,
ESTAT:TESEM240(1.0),15/02/23 23:00:00,A,T,Y25-64,PC,ED3-8,EU27_2020,2014,75.5,b
ESTAT:TESEM240(1.0),15/02/23 23:00:00,A,T,Y25-64,PC,ED3-8,EU27_2020,2015,76.1,
ESTAT:TESEM240(1.0),15/02/23 23:00:00,A,T,Y25-64,PC,ED3-8,EU27_2020,2016,76.6,
ESTAT:TESEM240(1.0),15/02/23 23:00:00,A,T,Y25-64,PC,ED3-8,EU27_2020,2017,77.2,
ESTAT:TESEM240(1.0),15/02/23 23:00:00,A,T,Y25-64,PC,ED3-8,EU27_2020,2018,77.8,
ESTAT:TESEM240(1.0),15/02/23 23:00:00,A,T,Y25-64,PC,ED3-8,EU27_2020,2019,78.4,
ESTAT:TESEM240(1.0),15/02/23 23:00:00,A,T,Y25-64,PC,ED3-8,EU27_2020,2020,79.0,
ESTAT:TESEM240(1.0),15/02/23 23:00:00,A,T,Y25-64,PC,ED3-8,EU27_2020,2021,79.3,b
ESTAT:TESEM240(1.0),15/02/23 23:00:00,A,T,Y25-64,PC,ED3-8,FI,2005,78.8,
ESTAT:TESEM240(1.0),15/02/23 23:00:00,A,T,Y25-64,PC,ED3-8,FI,2006,79.6,
ESTAT:TESEM240(1.0),15/02/23 23:00:00,A,T,Y25-64,PC,ED3-8,FI,2007,80.5,
ESTAT:TESEM240(1.0),15/02/23 23:00:00,A,T,Y25-64,PC,ED3-8,FI,2008,81.1,
ESTAT:TESEM240(1.0),15/02/23 23:00:00,A,T,Y25-64,PC,ED3-8,FI,2009,82.0,
ESTAT:TESEM240(1.0),15/02/23 23:00:00,A,T,Y25-64,PC,ED3-8,FI,2010,83.0,
ESTAT:TESEM240(1.0),15/02/23 23:00:00,A,T,Y25-64,PC,ED3-8,FI,2011,83.7,
ESTAT:TESEM240(1.0),15/02/23 23:00:00,A,T,Y25-64,PC,ED3-8,FI,2012,84.8,
ESTAT:TESEM240(1.0),15/02/23 23:00:00,A,T,Y25-64,PC,ED3-8,FI,2013,85.9,
ESTAT:TESEM240(1.0),15/02/23 23:00:00,A,T,Y25-64,PC,ED3-8,FI,2014,86.5,b
ESTAT:TESEM240(1.0),15/02/23 23:00:00,A,T,Y25-64,PC,ED3-8,FI,2015,87.7,
ESTAT:TESEM240(1.0),15/02/23 23:00:00,A,T,Y25-64,PC,ED3-8,FI,2016,88.1,
ESTAT:TESEM240(1.0),15/02/23 23:00:00,A,T,Y25-64,PC,ED3-8,FI,2017,88.3,
ESTAT:TESEM240(1.0),15/02/23 23:00:00,A,T,Y25-64,PC,ED3-8,FI,2018,89.2,
ESTAT:TESEM240(1.0),15/02/23 23:00:00,A,T,Y25-64,PC,ED3-8,FI,2019,90.1,
ESTAT:TESEM240(1.0),15/02/23 23:00:00,A,T,Y25-64,PC,ED3-8,FI,2020,91.1,
ESTAT:TESEM240(1.0),15/02/23 23:00:00,A,T,Y25-64,PC,ED3-8,FI,2021,88.9,b
ESTAT:TESEM240(1.0),15/02/23 23:00:00,A,T,Y25-64,PC,ED3-8,FR,2005,66.7,
ESTAT:TESEM240(1.0),15/02/23 23:00:00,A,T,Y25-64,PC,ED3-8,FR,2006,67.3,
ESTAT:TESEM240(1.0),15/02/23 23:00:00,A,T,Y25-64,PC,ED3-8,FR,2007,68.5,
ESTAT:TESEM240(1.0),15/02/23 23:00:00,A,T,Y25-64,PC,ED3-8,FR,2008,69.5,
ESTAT:TESEM240(1.0),15/02/23 23:00:00,A,T,Y25-64,PC,ED3-8,FR,2009,70.1,
ESTAT:TESEM240(1.0),15/02/23 23:00:00,A,T,Y25-64,PC,ED3-8,FR,2010,70.7,
ESTAT:TESEM240(1.0),15/02/23 23:00:00,A,T,Y25-64,PC,ED3-8,FR,2011,71.5,
ESTAT:TESEM240(1.0),15/02/23 23:00:00,A,T,Y25-64,PC,ED3-8,FR,2012,72.4,
ESTAT:TESEM240(1.0),15/02/23 23:00:00,A,T,Y25-64,PC,ED3-8,FR,2013,75.0,b
ESTAT:TESEM240(1.0),15/02/23 23:00:00,A,T,Y25-64,PC,ED3-8,FR,2014,76.7,b
ESTAT:TESEM240(1.0),15/02/23 23:00:00,A,T,Y25-64,PC,ED3-8,FR,2015,77.6,
ESTAT:TESEM240(1.0),15/02/23 23:00:00,A,T,Y25-64,PC,ED3-8,FR,2016,78.1,
ESTAT:TESEM240(1.0),15/02/23 23:00:00,A,T,Y25-64,PC,ED3-8,FR,2017,78.4,
ESTAT:TESEM240(1.0),15/02/23 23:00:00,A,T,Y25-64,PC,ED3-8,FR,2018,79.4,
ESTAT:TESEM240(1.0),15/02/23 23:00:00,A,T,Y25-64,PC,ED3-8,FR,2019,80.5,
ESTAT:TESEM240(1.0),15/02/23 23:00:00,A,T,Y25-64,PC,ED3-8,FR,2020,81.5,
ESTAT:TESEM240(1.0),15/02/23 23:00:00,A,T,Y25-64,PC,ED3-8,FR,2021,82.2,b
ESTAT:TESEM240(1.0),15/02/23 23:00:00,A,T,Y25-64,PC,ED3-8,HR,2005,72.8,
ESTAT:TESEM240(1.0),15/02/23 23:00:00,A,T,Y25-64,PC,ED3-8,HR,2006,74.1,
ESTAT:TESEM240(1.0),15/02/23 23:00:00,A,T,Y25-64,PC,ED3-8,HR,2007,75.7,
ESTAT:TESEM240(1.0),15/02/23 23:00:00,A,T,Y25-64,PC,ED3-8,HR,2008,76.7,
ESTAT:TESEM240(1.0),15/02/23 23:00:00,A,T,Y25-64,PC,ED3-8,HR,2009,77.5,
ESTAT:TESEM240(1.0),15/02/23 23:00:00,A,T,Y25-64,PC,ED3-8,HR,2010,77.3,b
ESTAT:TESEM240(1.0),15/02/23 23:00:00,A,T,Y25-64,PC,ED3-8,HR,2011,78.2,
ESTAT:TESEM240(1.0),15/02/23 23:00:00,A,T,Y25-64,PC,ED3-8,HR,2012,80.5,
ESTAT:TESEM240(1.0),15/02/23 23:00:00,A,T,Y25-64,PC,ED3-8,HR,2013,81.3,
ESTAT:TESEM240(1.0),15/02/23 23:00:00,A,T,Y25-64,PC,ED3-8,HR,2014,82.7,b
ESTAT:TESEM240(1.0),15/02/23 23:00:00,A,T,Y25-64,PC,ED3-8,HR,2015,83.1,
ESTAT:TESEM240(1.0),15/02/23 23:00:00,A,T,Y25-64,PC,ED3-8,HR,2016,82.7,
ESTAT:TESEM240(1.0),15/02/23 23:00:00,A,T,Y25-64,PC,ED3-8,HR,2017,83.8,
ESTAT:TESEM240(1.0),15/02/23 23:00:00,A,T,Y25-64,PC,ED3-8,HR,2018,85.1,
ESTAT:TESEM240(1.0),15/02/23 23:00:00,A,T,Y25-64,PC,ED3-8,HR,2019,85.8,
ESTAT:TESEM240(1.0),15/02/23 23:00:00,A,T,Y25-64,PC,ED3-8,HR,2020,86.6,
ESTAT:TESEM240(1.0),15/02/23 23:00:00,A,T,Y25-64,PC,ED3-8,HR,2021,87.2,b
ESTAT:TESEM240(1.0),15/02/23 23:00:00,A,T,Y25-64,PC,ED3-8,HU,2005,76.4,
ESTAT:TESEM240(1.0),15/02/23 23:00:00,A,T,Y25-64,PC,ED3-8,HU,2006,78.0,
ESTAT:TESEM240(1.0),15/02/23 23:00:00,A,T,Y25-64,PC,ED3-8,HU,2007,79.0,
ESTAT:TESEM240(1.0),15/02/23 23:00:00,A,T,Y25-64,PC,ED3-8,HU,2008,79.6,
ESTAT:TESEM240(1.0),15/02/23 23:00:00,A,T,Y25-64,PC,ED3-8,HU,2009,80.5,
ESTAT:TESEM240(1.0),15/02/23 23:00:00,A,T,Y25-64,PC,ED3-8,HU,2010,81.2,
ESTAT:TESEM240(1.0),15/02/23 23:00:00,A,T,Y25-64,PC,ED3-8,HU,2011,81.5,
ESTAT:TESEM240(1.0),15/02/23 23:00:00,A,T,Y25-64,PC,ED3-8,HU,2012,82.0,
ESTAT:TESEM240(1.0),15/02/23 23:00:00,A,T,Y25-64,PC,ED3-8,HU,2013,82.5,
ESTAT:TESEM240(1.0),15/02/23 23:00:00,A,T,Y25-64,PC,ED3-8,HU,2014,83.1,b
ESTAT:TESEM240(1.0),15/02/23 23:00:00,A,T,Y25-64,PC,ED3-8,HU,2015,83.2,
ESTAT:TESEM240(1.0),15/02/23 23:00:00,A,T,Y25-64,PC,ED3-8,HU,2016,83.4,
ESTAT:TESEM240(1.0),15/02/23 23:00:00,A,T,Y25-64,PC,ED3-8,HU,2017,84.0,
ESTAT:TESEM240(1.0),15/02/23 23:00:00,A,T,Y25-64,PC,ED3-8,HU,2018,84.9,
ESTAT:TESEM240(1.0),15/02/23 23:00:00,A,T,Y25-64,PC,ED3-8,HU,2019,85.0,
ESTAT:TESEM240(1.0),15/02/23 23:00:00,A,T,Y25-64,PC,ED3-8,HU,2020,85.6,
ESTAT:TESEM240(1.0),15/02/23 23:00:00,A,T,Y25-64,PC,ED3-8,HU,2021,86.3,b
ESTAT:TESEM240(1.0),15/02/23 23:00:00,A,T,Y25-64,PC,ED3-8,IE,2005,65.2,
ESTAT:TESEM240(1.0),15/02/23 23:00:00,A,T,Y25-64,PC,ED3-8,IE,2006,66.8,
ESTAT:TESEM240(1.0),15/02/23 23:00:00,A,T,Y25-64,PC,ED3-8,IE,2007,68.4,b
ESTAT:TESEM240(1.0),15/02/23 23:00:00,A,T,Y25-64,PC,ED3-8,IE,2008,70.4,
ESTAT:TESEM240(1.0),15/02/23 23:00:00,A,T,Y25-64,PC,ED3-8,IE,2009,71.5,
ESTAT:TESEM240(1.0),15/02/23 23:00:00,A,T,Y25-64,PC,ED3-8,IE,2010,73.1,
ESTAT:TESEM240(1.0),15/02/23 23:00:00,A,T,Y25-64,PC,ED3-8,IE,2011,73.9,
ESTAT:TESEM240(1.0),15/02/23 23:00:00,A,T,Y25-64,PC,ED3-8,IE,2012,74.9,
ESTAT:TESEM240(1.0),15/02/23 23:00:00,A,T,Y25-64,PC,ED3-8,IE,2013,77.1,
ESTAT:TESEM240(1.0),15/02/23 23:00:00,A,T,Y25-64,PC,ED3-8,IE,2014,80.3,b
ESTAT:TESEM240(1.0),15/02/23 23:00:00,A,T,Y25-64,PC,ED3-8,IE,2015,81.1,
ESTAT:TESEM240(1.0),15/02/23 23:00:00,A,T,Y25-64,PC,ED3-8,IE,2016,81.4,
ESTAT:TESEM240(1.0),15/02/23 23:00:00,A,T,Y25-64,PC,ED3-8,IE,2017,82.5,b
ESTAT:TESEM240(1.0),15/02/23 23:00:00,A,T,Y25-64,PC,ED3-8,IE,2018,83.2,
ESTAT:TESEM240(1.0),15/02/23 23:00:00,A,T,Y25-64,PC,ED3-8,IE,2019,83.7,
ESTAT:TESEM240(1.0),15/02/23 23:00:00,A,T,Y25-64,PC,ED3-8,IE,2020,85.5,
ESTAT:TESEM240(1.0),15/02/23 23:00:00,A,T,Y25-64,PC,ED3-8,IE,2021,87.5,b
ESTAT:TESEM240(1.0),15/02/23 23:00:00,A,T,Y25-64,PC,ED3-8,IS,2005,62.9,
ESTAT:TESEM240(1.0),15/02/23 23:00:00,A,T,Y25-64,PC,ED3-8,IS,2006,63.3,u
ESTAT:TESEM240(1.0),15/02/23 23:00:00,A,T,Y25-64,PC,ED3-8,IS,2007,63.9,
ESTAT:TESEM240(1.0),15/02/23 23:00:00,A,T,Y25-64,PC,ED3-8,IS,2008,64.1,
ESTAT:TESEM240(1.0),15/02/23 23:00:00,A,T,Y25-64,PC,ED3-8,IS,2009,65.9,
ESTAT:TESEM240(1.0),15/02/23 23:00:00,A,T,Y25-64,PC,ED3-8,IS,2010,66.5,
ESTAT:TESEM240(1.0),15/02/23 23:00:00,A,T,Y25-64,PC,ED3-8,IS,2011,70.7,
ESTAT:TESEM240(1.0),15/02/23 23:00:00,A,T,Y25-64,PC,ED3-8,IS,2012,71.0,
ESTAT:TESEM240(1.0),15/02/23 23:00:00,A,T,Y25-64,PC,ED3-8,IS,2013,72.2,
ESTAT:TESEM240(1.0),15/02/23 23:00:00,A,T,Y25-64,PC,ED3-8,IS,2014,73.6,b
ESTAT:TESEM240(1.0),15/02/23 23:00:00,A,T,Y25-64,PC,ED3-8,IS,2015,75.0,
ESTAT:TESEM240(1.0),15/02/23 23:00:00,A,T,Y25-64,PC,ED3-8,IS,2016,78.2,
ESTAT:TESEM240(1.0),15/02/23 23:00:00,A,T,Y25-64,PC,ED3-8,IS,2017,77.3,
ESTAT:TESEM240(1.0),15/02/23 23:00:00,A,T,Y25-64,PC,ED3-8,IS,2018,78.0,
ESTAT:TESEM240(1.0),15/02/23 23:00:00,A,T,Y25-64,PC,ED3-8,IS,2019,78.6,
ESTAT:TESEM240(1.0),15/02/23 23:00:00,A,T,Y25-64,PC,ED3-8,IS,2020,78.2,b
ESTAT:TESEM240(1.0),15/02/23 23:00:00,A,T,Y25-64,PC,ED3-8,IS,2021,82.0,b
ESTAT:TESEM240(1.0),15/02/23 23:00:00,A,T,Y25-64,PC,ED3-8,IT,2005,50.1,
ESTAT:TESEM240(1.0),15/02/23 23:00:00,A,T,Y25-64,PC,ED3-8,IT,2006,51.3,
ESTAT:TESEM240(1.0),15/02/23 23:00:00,A,T,Y25-64,PC,ED3-8,IT,2007,52.2,
ESTAT:TESEM240(1.0),15/02/23 23:00:00,A,T,Y25-64,PC,ED3-8,IT,2008,53.3,
ESTAT:TESEM240(1.0),15/02/23 23:00:00,A,T,Y25-64,PC,ED3-8,IT,2009,54.2,
ESTAT:TESEM240(1.0),15/02/23 23:00:00,A,T,Y25-64,PC,ED3-8,IT,2010,55.1,
ESTAT:TESEM240(1.0),15/02/23 23:00:00,A,T,Y25-64,PC,ED3-8,IT,2011,56.0,
ESTAT:TESEM240(1.0),15/02/23 23:00:00,A,T,Y25-64,PC,ED3-8,IT,2012,57.2,
ESTAT:TESEM240(1.0),15/02/23 23:00:00,A,T,Y25-64,PC,ED3-8,IT,2013,58.2,
ESTAT:TESEM240(1.0),15/02/23 23:00:00,A,T,Y25-64,PC,ED3-8,IT,2014,59.3,b
ESTAT:TESEM240(1.0),15/02/23 23:00:00,A,T,Y25-64,PC,ED3-8,IT,2015,59.9,
ESTAT:TESEM240(1.0),15/02/23 23:00:00,A,T,Y25-64,PC,ED3-8,IT,2016,60.1,
ESTAT:TESEM240(1.0),15/02/23 23:00:00,A,T,Y25-64,PC,ED3-8,IT,2017,60.9,
ESTAT:TESEM240(1.0),15/02/23 23:00:00,A,T,Y25-64,PC,ED3-8,IT,2018,61.7,
ESTAT:TESEM240(1.0),15/02/23 23:00:00,A,T,Y25-64,PC,ED3-8,IT,2019,62.2,
ESTAT:TESEM240(1.0),15/02/23 23:00:00,A,T,Y25-64,PC,ED3-8,IT,2020,62.9,
ESTAT:TESEM240(1.0),15/02/23 23:00:00,A,T,Y25-64,PC,ED3-8,IT,2021,62.7,b
ESTAT:TESEM240(1.0),15/02/23 23:00:00,A,T,Y25-64,PC,ED3-8,LT,2005,87.5,
ESTAT:TESEM240(1.0),15/02/23 23:00:00,A,T,Y25-64,PC,ED3-8,LT,2006,87.8,
ESTAT:TESEM240(1.0),15/02/23 23:00:00,A,T,Y25-64,PC,ED3-8,LT,2007,88.5,
ESTAT:TESEM240(1.0),15/02/23 23:00:00,A,T,Y25-64,PC,ED3-8,LT,2008,90.4,
ESTAT:TESEM240(1.0),15/02/23 23:00:00,A,T,Y25-64,PC,ED3-8,LT,2009,91.2,
ESTAT:TESEM240(1.0),15/02/23 23:00:00,A,T,Y25-64,PC,ED3-8,LT,2010,91.9,
ESTAT:TESEM240(1.0),15/02/23 23:00:00,A,T,Y25-64,PC,ED3-8,LT,2011,92.9,
ESTAT:TESEM240(1.0),15/02/23 23:00:00,A,T,Y25-64,PC,ED3-8,LT,2012,93.3,
ESTAT:TESEM240(1.0),15/02/23 23:00:00,A,T,Y25-64,PC,ED3-8,LT,2013,93.4,
ESTAT:TESEM240(1.0),15/02/23 23:00:00,A,T,Y25-64,PC,ED3-8,LT,2014,93.3,b
ESTAT:TESEM240(1.0),15/02/23 23:00:00,A,T,Y25-64,PC,ED3-8,LT,2015,93.5,
ESTAT:TESEM240(1.0),15/02/23 23:00:00,A,T,Y25-64,PC,ED3-8,LT,2016,94.6,
ESTAT:TESEM240(1.0),15/02/23 23:00:00,A,T,Y25-64,PC,ED3-8,LT,2017,94.8,
ESTAT:TESEM240(1.0),15/02/23 23:00:00,A,T,Y25-64,PC,ED3-8,LT,2018,94.8,
ESTAT:TESEM240(1.0),15/02/23 23:00:00,A,T,Y25-64,PC,ED3-8,LT,2019,95.0,
ESTAT:TESEM240(1.0),15/02/23 23:00:00,A,T,Y25-64,PC,ED3-8,LT,2020,95.4,
ESTAT:TESEM240(1.0),15/02/23 23:00:00,A,T,Y25-64,PC,ED3-8,LT,2021,94.9,b
ESTAT:TESEM240(1.0),15/02/23 23:00:00,A,T,Y25-64,PC,ED3-8,LU,2005,65.9,
ESTAT:TESEM240(1.0),15/02/23 23:00:00,A,T,Y25-64,PC,ED3-8,LU,2006,65.5,
ESTAT:TESEM240(1.0),15/02/23 23:00:00,A,T,Y25-64,PC,ED3-8,LU,2007,65.7,b
ESTAT:TESEM240(1.0),15/02/23 23:00:00,A,T,Y25-64,PC,ED3-8,LU,2008,67.9,
ESTAT:TESEM240(1.0),15/02/23 23:00:00,A,T,Y25-64,PC,ED3-8,LU,2009,77.3,b
ESTAT:TESEM240(1.0),15/02/23 23:00:00,A,T,Y25-64,PC,ED3-8,LU,2010,77.7,
ESTAT:TESEM240(1.0),15/02/23 23:00:00,A,T,Y25-64,PC,ED3-8,LU,2011,77.3,
ESTAT:TESEM240(1.0),15/02/23 23:00:00,A,T,Y25-64,PC,ED3-8,LU,2012,78.3,
ESTAT:TESEM240(1.0),15/02/23 23:00:00,A,T,Y25-64,PC,ED3-8,LU,2013,80.5,
ESTAT:TESEM240(1.0),15/02/23 23:00:00,A,T,Y25-64,PC,ED3-8,LU,2014,82.0,b
ESTAT:TESEM240(1.0),15/02/23 23:00:00,A,T,Y25-64,PC,ED3-8,LU,2015,76.0,b
ESTAT:TESEM240(1.0),15/02/23 23:00:00,A,T,Y25-64,PC,ED3-8,LU,2016,78.4,u
ESTAT:TESEM240(1.0),15/02/23 23:00:00,A,T,Y25-64,PC,ED3-8,LU,2017,76.4,u
ESTAT:TESEM240(1.0),15/02/23 23:00:00,A,T,Y25-64,PC,ED3-8,LU,2018,78.6,
ESTAT:TESEM240(1.0),15/02/23 23:00:00,A,T,Y25-64,PC,ED3-8,LU,2019,79.3,
ESTAT:TESEM240(1.0),15/02/23 23:00:00,A,T,Y25-64,PC,ED3-8,LU,2020,78.5,
ESTAT:TESEM240(1.0),15/02/23 23:00:00,A,T,Y25-64,PC,ED3-8,LU,2021,80.3,b
ESTAT:TESEM240(1.0),15/02/23 23:00:00,A,T,Y25-64,PC,ED3-8,LV,2005,84.4,
ESTAT:TESEM240(1.0),15/02/23 23:00:00,A,T,Y25-64,PC,ED3-8,LV,2006,84.1,
ESTAT:TESEM240(1.0),15/02/23 23:00:00,A,T,Y25-64,PC,ED3-8,LV,2007,84.6,
ESTAT:TESEM240(1.0),15/02/23 23:00:00,A,T,Y25-64,PC,ED3-8,LV,2008,85.9,
ESTAT:TESEM240(1.0),15/02/23 23:00:00,A,T,Y25-64,PC,ED3-8,LV,2009,86.8,
ESTAT:TESEM240(1.0),15/02/23 23:00:00,A,T,Y25-64,PC,ED3-8,LV,2010,88.6,
ESTAT:TESEM240(1.0),15/02/23 23:00:00,A,T,Y25-64,PC,ED3-8,LV,2011,87.9,
ESTAT:TESEM240(1.0),15/02/23 23:00:00,A,T,Y25-64,PC,ED3-8,LV,2012,89.1,
ESTAT:TESEM240(1.0),15/02/23 23:00:00,A,T,Y25-64,PC,ED3-8,LV,2013,89.4,
ESTAT:TESEM240(1.0),15/02/23 23:00:00,A,T,Y25-64,PC,ED3-8,LV,2014,89.5,b
ESTAT:TESEM240(1.0),15/02/23 23:00:00,A,T,Y25-64,PC,ED3-8,LV,2015,90.1,
ESTAT:TESEM240(1.0),15/02/23 23:00:00,A,T,Y25-64,PC,ED3-8,LV,2016,90.7,
ESTAT:TESEM240(1.0),15/02/23 23:00:00,A,T,Y25-64,PC,ED3-8,LV,2017,90.4,
ESTAT:TESEM240(1.0),15/02/23 23:00:00,A,T,Y25-64,PC,ED3-8,LV,2018,90.7,
ESTAT:TESEM240(1.0),15/02/23 23:00:00,A,T,Y25-64,PC,ED3-8,LV,2019,91.2,
ESTAT:TESEM240(1.0),15/02/23 23:00:00,A,T,Y25-64,PC,ED3-8,LV,2020,91.7,
ESTAT:TESEM240(1.0),15/02/23 23:00:00,A,T,Y25-64,PC,ED3-8,LV,2021,92.2,b
ESTAT:TESEM240(1.0),15/02/23 23:00:00,A,T,Y25-64,PC,ED3-8,ME,2011,82.5,
ESTAT:TESEM240(1.0),15/02/23 23:00:00,A,T,Y25-64,PC,ED3-8,ME,2012,83.6,
ESTAT:TESEM240(1.0),15/02/23 23:00:00,A,T,Y25-64,PC,ED3-8,ME,2013,84.6,
ESTAT:TESEM240(1.0),15/02/23 23:00:00,A,T,Y25-64,PC,ED3-8,ME,2014,85.6,b
ESTAT:TESEM240(1.0),15/02/23 23:00:00,A,T,Y25-64,PC,ED3-8,ME,2015,85.9,
ESTAT:TESEM240(1.0),15/02/23 23:00:00,A,T,Y25-64,PC,ED3-8,ME,2016,85.5,
ESTAT:TESEM240(1.0),15/02/23 23:00:00,A,T,Y25-64,PC,ED3-8,ME,2017,86.1,
ESTAT:TESEM240(1.0),15/02/23 23:00:00,A,T,Y25-64,PC,ED3-8,ME,2018,86.8,
ESTAT:TESEM240(1.0),15/02/23 23:00:00,A,T,Y25-64,PC,ED3-8,ME,2019,87.8,
ESTAT:TESEM240(1.0),15/02/23 23:00:00,A,T,Y25-64,PC,ED3-8,ME,2020,87.6,
ESTAT:TESEM240(1.0),15/02/23 23:00:00,A,T,Y25-64,PC,ED3-8,MK,2006,57.6,
ESTAT:TESEM240(1.0),15/02/23 23:00:00,A,T,Y25-64,PC,ED3-8,MK,2007,60.5,
ESTAT:TESEM240(1.0),15/02/23 23:00:00,A,T,Y25-64,PC,ED3-8,MK,2008,59.2,
ESTAT:TESEM240(1.0),15/02/23 23:00:00,A,T,Y25-64,PC,ED3-8,MK,2009,61.2,
ESTAT:TESEM240(1.0),15/02/23 23:00:00,A,T,Y25-64,PC,ED3-8,MK,2010,62.5,
ESTAT:TESEM240(1.0),15/02/23 23:00:00,A,T,Y25-64,PC,ED3-8,MK,2011,63.7,
ESTAT:TESEM240(1.0),15/02/23 23:00:00,A,T,Y25-64,PC,ED3-8,MK,2012,64.9,
ESTAT:TESEM240(1.0),15/02/23 23:00:00,A,T,Y25-64,PC,ED3-8,MK,2013,65.6,
ESTAT:TESEM240(1.0),15/02/23 23:00:00,A,T,Y25-64,PC,ED3-8,MK,2014,65.7,b
ESTAT:TESEM240(1.0),15/02/23 23:00:00,A,T,Y25-64,PC,ED3-8,MK,2015,66.4,
ESTAT:TESEM240(1.0),15/02/23 23:00:00,A,T,Y25-64,PC,ED3-8,MK,2016,68.4,
ESTAT:TESEM240(1.0),15/02/23 23:00:00,A,T,Y25-64,PC,ED3-8,MK,2017,69.6,
ESTAT:TESEM240(1.0),15/02/23 23:00:00,A,T,Y25-64,PC,ED3-8,MK,2018,70.2,
ESTAT:TESEM240(1.0),15/02/23 23:00:00,A,T,Y25-64,PC,ED3-8,MK,2019,71.6,
ESTAT:TESEM240(1.0),15/02/23 23:00:00,A,T,Y25-64,PC,ED3-8,MK,2020,72.6,
ESTAT:TESEM240(1.0),15/02/23 23:00:00,A,T,Y25-64,PC,ED3-8,MT,2005,25.2,b
ESTAT:TESEM240(1.0),15/02/23 23:00:00,A,T,Y25-64,PC,ED3-8,MT,2006,26.5,
ESTAT:TESEM240(1.0),15/02/23 23:00:00,A,T,Y25-64,PC,ED3-8,MT,2007,26.6,
ESTAT:TESEM240(1.0),15/02/23 23:00:00,A,T,Y25-64,PC,ED3-8,MT,2008,27.8,
ESTAT:TESEM240(1.0),15/02/23 23:00:00,A,T,Y25-64,PC,ED3-8,MT,2009,30.8,
ESTAT:TESEM240(1.0),15/02/23 23:00:00,A,T,Y25-64,PC,ED3-8,MT,2010,32.8,
ESTAT:TESEM240(1.0),15/02/23 23:00:00,A,T,Y25-64,PC,ED3-8,MT,2011,35.8,b
ESTAT:TESEM240(1.0),15/02/23 23:00:00,A,T,Y25-64,PC,ED3-8,MT,2012,38.5,
ESTAT:TESEM240(1.0),15/02/23 23:00:00,A,T,Y25-64,PC,ED3-8,MT,2013,41.5,
ESTAT:TESEM240(1.0),15/02/23 23:00:00,A,T,Y25-64,PC,ED3-8,MT,2014,44.6,b
ESTAT:TESEM240(1.0),15/02/23 23:00:00,A,T,Y25-64,PC,ED3-8,MT,2015,46.8,
ESTAT:TESEM240(1.0),15/02/23 23:00:00,A,T,Y25-64,PC,ED3-8,MT,2016,49.4,
ESTAT:TESEM240(1.0),15/02/23 23:00:00,A,T,Y25-64,PC,ED3-8,MT,2017,52.0,
ESTAT:TESEM240(1.0),15/02/23 23:00:00,A,T,Y25-64,PC,ED3-8,MT,2018,55.0,
ESTAT:TESEM240(1.0),15/02/23 23:00:00,A,T,Y25-64,PC,ED3-8,MT,2019,57.8,
ESTAT:TESEM240(1.0),15/02/23 23:00:00,A,T,Y25-64,PC,ED3-8,MT,2020,59.3,
ESTAT:TESEM240(1.0),15/02/23 23:00:00,A,T,Y25-64,PC,ED3-8,MT,2021,62.9,b
ESTAT:TESEM240(1.0),15/02/23 23:00:00,A,T,Y25-64,PC,ED3-8,NL,2005,69.5,b
ESTAT:TESEM240(1.0),15/02/23 23:00:00,A,T,Y25-64,PC,ED3-8,NL,2006,70.6,
ESTAT:TESEM240(1.0),15/02/23 23:00:00,A,T,Y25-64,PC,ED3-8,NL,2007,71.4,
ESTAT:TESEM240(1.0),15/02/23 23:00:00,A,T,Y25-64,PC,ED3-8,NL,2008,71.4,
ESTAT:TESEM240(1.0),15/02/23 23:00:00,A,T,Y25-64,PC,ED3-8,NL,2009,71.6,
ESTAT:TESEM240(1.0),15/02/23 23:00:00,A,T,Y25-64,PC,ED3-8,NL,2010,72.4,
ESTAT:TESEM240(1.0),15/02/23 23:00:00,A,T,Y25-64,PC,ED3-8,NL,2011,72.5,b
ESTAT:TESEM240(1.0),15/02/23 23:00:00,A,T,Y25-64,PC,ED3-8,NL,2012,73.4,
ESTAT:TESEM240(1.0),15/02/23 23:00:00,A,T,Y25-64,PC,ED3-8,NL,2013,75.8,b
ESTAT:TESEM240(1.0),15/02/23 23:00:00,A,T,Y25-64,PC,ED3-8,NL,2014,75.9,b
ESTAT:TESEM240(1.0),15/02/23 23:00:00,A,T,Y25-64,PC,ED3-8,NL,2015,76.4,
ESTAT:TESEM240(1.0),15/02/23 23:00:00,A,T,Y25-64,PC,ED3-8,NL,2016,77.1,
ESTAT:TESEM240(1.0),15/02/23 23:00:00,A,T,Y25-64,PC,ED3-8,NL,2017,78.4,
ESTAT:TESEM240(1.0),15/02/23 23:00:00,A,T,Y25-64,PC,ED3-8,NL,2018,79.0,
ESTAT:TESEM240(1.0),15/02/23 23:00:00,A,T,Y25-64,PC,ED3-8,NL,2019,79.6,b
ESTAT:TESEM240(1.0),15/02/23 23:00:00,A,T,Y25-64,PC,ED3-8,NL,2020,81.0,
ESTAT:TESEM240(1.0),15/02/23 23:00:00,A,T,Y25-64,PC,ED3-8,NL,2021,80.6,b
ESTAT:TESEM240(1.0),15/02/23 23:00:00,A,T,Y25-64,PC,ED3-8,NO,2005,88.2,
ESTAT:TESEM240(1.0),15/02/23 23:00:00,A,T,Y25-64,PC,ED3-8,NO,2006,78.5,b
ESTAT:TESEM240(1.0),15/02/23 23:00:00,A,T,Y25-64,PC,ED3-8,NO,2007,78.7,
ESTAT:TESEM240(1.0),15/02/23 23:00:00,A,T,Y25-64,PC,ED3-8,NO,2008,80.0,
ESTAT:TESEM240(1.0),15/02/23 23:00:00,A,T,Y25-64,PC,ED3-8,NO,2009,80.5,
ESTAT:TESEM240(1.0),15/02/23 23:00:00,A,T,Y25-64,PC,ED3-8,NO,2010,80.9,
ESTAT:TESEM240(1.0),15/02/23 23:00:00,A,T,Y25-64,PC,ED3-8,NO,2011,81.3,
ESTAT:TESEM240(1.0),15/02/23 23:00:00,A,T,Y25-64,PC,ED3-8,NO,2012,82.1,
ESTAT:TESEM240(1.0),15/02/23 23:00:00,A,T,Y25-64,PC,ED3-8,NO,2013,82.4,
ESTAT:TESEM240(1.0),15/02/23 23:00:00,A,T,Y25-64,PC,ED3-8,NO,2014,82.7,b
ESTAT:TESEM240(1.0),15/02/23 23:00:00,A,T,Y25-64,PC,ED3-8,NO,2015,82.7,
ESTAT:TESEM240(1.0),15/02/23 23:00:00,A,T,Y25-64,PC,ED3-8,NO,2016,82.3,
ESTAT:TESEM240(1.0),15/02/23 23:00:00,A,T,Y25-64,PC,ED3-8,NO,2017,82.2,
ESTAT:TESEM240(1.0),15/02/23 23:00:00,A,T,Y25-64,PC,ED3-8,NO,2018,83.0,
ESTAT:TESEM240(1.0),15/02/23 23:00:00,A,T,Y25-64,PC,ED3-8,NO,2019,83.2,
ESTAT:TESEM240(1.0),15/02/23 23:00:00,A,T,Y25-64,PC,ED3-8,NO,2020,83.4,
ESTAT:TESEM240(1.0),15/02/23 23:00:00,A,T,Y25-64,PC,ED3-8,NO,2021,82.4,b
ESTAT:TESEM240(1.0),15/02/23 23:00:00,A,T,Y25-64,PC,ED3-8,PL,2005,84.8,
ESTAT:TESEM240(1.0),15/02/23 23:00:00,A,T,Y25-64,PC,ED3-8,PL,2006,85.8,
ESTAT:TESEM240(1.0),15/02/23 23:00:00,A,T,Y25-64,PC,ED3-8,PL,2007,86.3,
ESTAT:TESEM240(1.0),15/02/23 23:00:00,A,T,Y25-64,PC,ED3-8,PL,2008,87.1,
ESTAT:TESEM240(1.0),15/02/23 23:00:00,A,T,Y25-64,PC,ED3-8,PL,2009,88.0,
ESTAT:TESEM240(1.0),15/02/23 23:00:00,A,T,Y25-64,PC,ED3-8,PL,2010,88.5,b
ESTAT:TESEM240(1.0),15/02/23 23:00:00,A,T,Y25-64,PC,ED3-8,PL,2011,88.9,
ESTAT:TESEM240(1.0),15/02/23 23:00:00,A,T,Y25-64,PC,ED3-8,PL,2012,89.6,
ESTAT:TESEM240(1.0),15/02/23 23:00:00,A,T,Y25-64,PC,ED3-8,PL,2013,90.1,
ESTAT:TESEM240(1.0),15/02/23 23:00:00,A,T,Y25-64,PC,ED3-8,PL,2014,90.5,b
ESTAT:TESEM240(1.0),15/02/23 23:00:00,A,T,Y25-64,PC,ED3-8,PL,2015,90.8,
ESTAT:TESEM240(1.0),15/02/23 23:00:00,A,T,Y25-64,PC,ED3-8,PL,2016,91.3,
ESTAT:TESEM240(1.0),15/02/23 23:00:00,A,T,Y25-64,PC,ED3-8,PL,2017,92.1,
ESTAT:TESEM240(1.0),15/02/23 23:00:00,A,T,Y25-64,PC,ED3-8,PL,2018,92.4,
ESTAT:TESEM240(1.0),15/02/23 23:00:00,A,T,Y25-64,PC,ED3-8,PL,2019,92.6,
ESTAT:TESEM240(1.0),15/02/23 23:00:00,A,T,Y25-64,PC,ED3-8,PL,2020,93.2,
ESTAT:TESEM240(1.0),15/02/23 23:00:00,A,T,Y25-64,PC,ED3-8,PL,2021,93.2,b
ESTAT:TESEM240(1.0),15/02/23 23:00:00,A,T,Y25-64,PC,ED3-8,PT,2005,26.3,
ESTAT:TESEM240(1.0),15/02/23 23:00:00,A,T,Y25-64,PC,ED3-8,PT,2006,27.5,
ESTAT:TESEM240(1.0),15/02/23 23:00:00,A,T,Y25-64,PC,ED3-8,PT,2007,27.3,
ESTAT:TESEM240(1.0),15/02/23 23:00:00,A,T,Y25-64,PC,ED3-8,PT,2008,28.1,
ESTAT:TESEM240(1.0),15/02/23 23:00:00,A,T,Y25-64,PC,ED3-8,PT,2009,29.7,
ESTAT:TESEM240(1.0),15/02/23 23:00:00,A,T,Y25-64,PC,ED3-8,PT,2010,31.7,
ESTAT:TESEM240(1.0),15/02/23 23:00:00,A,T,Y25-64,PC,ED3-8,PT,2011,34.6,b
ESTAT:TESEM240(1.0),15/02/23 23:00:00,A,T,Y25-64,PC,ED3-8,PT,2012,37.3,
ESTAT:TESEM240(1.0),15/02/23 23:00:00,A,T,Y25-64,PC,ED3-8,PT,2013,39.8,
ESTAT:TESEM240(1.0),15/02/23 23:00:00,A,T,Y25-64,PC,ED3-8,PT,2014,43.3,b
ESTAT:TESEM240(1.0),15/02/23 23:00:00,A,T,Y25-64,PC,ED3-8,PT,2015,45.1,
ESTAT:TESEM240(1.0),15/02/23 23:00:00,A,T,Y25-64,PC,ED3-8,PT,2016,46.9,
ESTAT:TESEM240(1.0),15/02/23 23:00:00,A,T,Y25-64,PC,ED3-8,PT,2017,48.0,
ESTAT:TESEM240(1.0),15/02/23 23:00:00,A,T,Y25-64,PC,ED3-8,PT,2018,49.8,
ESTAT:TESEM240(1.0),15/02/23 23:00:00,A,T,Y25-64,PC,ED3-8,PT,2019,52.2,
ESTAT:TESEM240(1.0),15/02/23 23:00:00,A,T,Y25-64,PC,ED3-8,PT,2020,55.4,
ESTAT:TESEM240(1.0),15/02/23 23:00:00,A,T,Y25-64,PC,ED3-8,PT,2021,59.5,b
ESTAT:TESEM240(1.0),15/02/23 23:00:00,A,T,Y25-64,PC,ED3-8,RO,2005,73.1,
ESTAT:TESEM240(1.0),15/02/23 23:00:00,A,T,Y25-64,PC,ED3-8,RO,2006,74.2,
ESTAT:TESEM240(1.0),15/02/23 23:00:00,A,T,Y25-64,PC,ED3-8,RO,2007,75.0,
ESTAT:TESEM240(1.0),15/02/23 23:00:00,A,T,Y25-64,PC,ED3-8,RO,2008,75.3,
ESTAT:TESEM240(1.0),15/02/23 23:00:00,A,T,Y25-64,PC,ED3-8,RO,2009,74.7,
ESTAT:TESEM240(1.0),15/02/23 23:00:00,A,T,Y25-64,PC,ED3-8,RO,2010,73.9,b
ESTAT:TESEM240(1.0),15/02/23 23:00:00,A,T,Y25-64,PC,ED3-8,RO,2011,74.5,
ESTAT:TESEM240(1.0),15/02/23 23:00:00,A,T,Y25-64,PC,ED3-8,RO,2012,75.4,
ESTAT:TESEM240(1.0),15/02/23 23:00:00,A,T,Y25-64,PC,ED3-8,RO,2013,75.7,
ESTAT:TESEM240(1.0),15/02/23 23:00:00,A,T,Y25-64,PC,ED3-8,RO,2014,72.8,b
ESTAT:TESEM240(1.0),15/02/23 23:00:00,A,T,Y25-64,PC,ED3-8,RO,2015,75.0,
ESTAT:TESEM240(1.0),15/02/23 23:00:00,A,T,Y25-64,PC,ED3-8,RO,2016,76.7,
ESTAT:TESEM240(1.0),15/02/23 23:00:00,A,T,Y25-64,PC,ED3-8,RO,2017,77.9,
ESTAT:TESEM240(1.0),15/02/23 23:00:00,A,T,Y25-64,PC,ED3-8,RO,2018,78.5,
ESTAT:TESEM240(1.0),15/02/23 23:00:00,A,T,Y25-64,PC,ED3-8,RO,2019,79.0,
ESTAT:TESEM240(1.0),15/02/23 23:00:00,A,T,Y25-64,PC,ED3-8,RO,2020,80.4,
ESTAT:TESEM240(1.0),15/02/23 23:00:00,A,T,Y25-64,PC,ED3-8,RO,2021,81.0,b
ESTAT:TESEM240(1.0),15/02/23 23:00:00,A,T,Y25-64,PC,ED3-8,RS,2010,74.4,
ESTAT:TESEM240(1.0),15/02/23 23:00:00,A,T,Y25-64,PC,ED3-8,RS,2011,74.6,
ESTAT:TESEM240(1.0),15/02/23 23:00:00,A,T,Y25-64,PC,ED3-8,RS,2012,75.8,
ESTAT:TESEM240(1.0),15/02/23 23:00:00,A,T,Y25-64,PC,ED3-8,RS,2013,76.3,
ESTAT:TESEM240(1.0),15/02/23 23:00:00,A,T,Y25-64,PC,ED3-8,RS,2014,78.8,b
ESTAT:TESEM240(1.0),15/02/23 23:00:00,A,T,Y25-64,PC,ED3-8,RS,2015,79.7,
ESTAT:TESEM240(1.0),15/02/23 23:00:00,A,T,Y25-64,PC,ED3-8,RS,2016,79.8,
ESTAT:TESEM240(1.0),15/02/23 23:00:00,A,T,Y25-64,PC,ED3-8,RS,2017,80.0,
ESTAT:TESEM240(1.0),15/02/23 23:00:00,A,T,Y25-64,PC,ED3-8,RS,2018,80.9,
ESTAT:TESEM240(1.0),15/02/23 23:00:00,A,T,Y25-64,PC,ED3-8,RS,2019,81.5,
ESTAT:TESEM240(1.0),15/02/23 23:00:00,A,T,Y25-64,PC,ED3-8,RS,2020,82.3,
ESTAT:TESEM240(1.0),15/02/23 23:00:00,A,T,Y25-64,PC,ED3-8,RS,2021,82.9,b
ESTAT:TESEM240(1.0),15/02/23 23:00:00,A,T,Y25-64,PC,ED3-8,SE,2005,83.6,b
ESTAT:TESEM240(1.0),15/02/23 23:00:00,A,T,Y25-64,PC,ED3-8,SE,2006,78.9,b
ESTAT:TESEM240(1.0),15/02/23 23:00:00,A,T,Y25-64,PC,ED3-8,SE,2007,79.4,
ESTAT:TESEM240(1.0),15/02/23 23:00:00,A,T,Y25-64,PC,ED3-8,SE,2008,80.0,
ESTAT:TESEM240(1.0),15/02/23 23:00:00,A,T,Y25-64,PC,ED3-8,SE,2009,80.7,
ESTAT:TESEM240(1.0),15/02/23 23:00:00,A,T,Y25-64,PC,ED3-8,SE,2010,81.2,
ESTAT:TESEM240(1.0),15/02/23 23:00:00,A,T,Y25-64,PC,ED3-8,SE,2011,81.6,
ESTAT:TESEM240(1.0),15/02/23 23:00:00,A,T,Y25-64,PC,ED3-8,SE,2012,82.4,
ESTAT:TESEM240(1.0),15/02/23 23:00:00,A,T,Y25-64,PC,ED3-8,SE,2013,83.2,
ESTAT:TESEM240(1.0),15/02/23 23:00:00,A,T,Y25-64,PC,ED3-8,SE,2014,83.7,b
ESTAT:TESEM240(1.0),15/02/23 23:00:00,A,T,Y25-64,PC,ED3-8,SE,2015,84.3,
ESTAT:TESEM240(1.0),15/02/23 23:00:00,A,T,Y25-64,PC,ED3-8,SE,2016,85.0,
ESTAT:TESEM240(1.0),15/02/23 23:00:00,A,T,Y25-64,PC,ED3-8,SE,2017,85.3,
ESTAT:TESEM240(1.0),15/02/23 23:00:00,A,T,Y25-64,PC,ED3-8,SE,2018,85.6,b
ESTAT:TESEM240(1.0),15/02/23 23:00:00,A,T,Y25-64,PC,ED3-8,SE,2019,86.1,
ESTAT:TESEM240(1.0),15/02/23 23:00:00,A,T,Y25-64,PC,ED3-8,SE,2020,86.5,
ESTAT:TESEM240(1.0),15/02/23 23:00:00,A,T,Y25-64,PC,ED3-8,SE,2021,87.5,b
ESTAT:TESEM240(1.0),15/02/23 23:00:00,A,T,Y25-64,PC,ED3-8,SI,2005,80.3,
ESTAT:TESEM240(1.0),15/02/23 23:00:00,A,T,Y25-64,PC,ED3-8,SI,2006,81.6,
ESTAT:TESEM240(1.0),15/02/23 23:00:00,A,T,Y25-64,PC,ED3-8,SI,2007,81.8,
ESTAT:TESEM240(1.0),15/02/23 23:00:00,A,T,Y25-64,PC,ED3-8,SI,2008,82.0,
ESTAT:TESEM240(1.0),15/02/23 23:00:00,A,T,Y25-64,PC,ED3-8,SI,2009,83.3,
ESTAT:TESEM240(1.0),15/02/23 23:00:00,A,T,Y25-64,PC,ED3-8,SI,2010,83.3,
ESTAT:TESEM240(1.0),15/02/23 23:00:00,A,T,Y25-64,PC,ED3-8,SI,2011,84.5,
ESTAT:TESEM240(1.0),15/02/23 23:00:00,A,T,Y25-64,PC,ED3-8,SI,2012,85.0,
ESTAT:TESEM240(1.0),15/02/23 23:00:00,A,T,Y25-64,PC,ED3-8,SI,2013,85.5,
ESTAT:TESEM240(1.0),15/02/23 23:00:00,A,T,Y25-64,PC,ED3-8,SI,2014,85.7,b
ESTAT:TESEM240(1.0),15/02/23 23:00:00,A,T,Y25-64,PC,ED3-8,SI,2015,86.8,
ESTAT:TESEM240(1.0),15/02/23 23:00:00,A,T,Y25-64,PC,ED3-8,SI,2016,87.3,
ESTAT:TESEM240(1.0),15/02/23 23:00:00,A,T,Y25-64,PC,ED3-8,SI,2017,87.9,
ESTAT:TESEM240(1.0),15/02/23 23:00:00,A,T,Y25-64,PC,ED3-8,SI,2018,88.1,
ESTAT:TESEM240(1.0),15/02/23 23:00:00,A,T,Y25-64,PC,ED3-8,SI,2019,88.8,
ESTAT:TESEM240(1.0),15/02/23 23:00:00,A,T,Y25-64,PC,ED3-8,SI,2020,90.2,
ESTAT:TESEM240(1.0),15/02/23 23:00:00,A,T,Y25-64,PC,ED3-8,SI,2021,91.3,b
ESTAT:TESEM240(1.0),15/02/23 23:00:00,A,T,Y25-64,PC,ED3-8,SK,2005,87.9,
ESTAT:TESEM240(1.0),15/02/23 23:00:00,A,T,Y25-64,PC,ED3-8,SK,2006,88.8,
ESTAT:TESEM240(1.0),15/02/23 23:00:00,A,T,Y25-64,PC,ED3-8,SK,2007,89.1,
ESTAT:TESEM240(1.0),15/02/23 23:00:00,A,T,Y25-64,PC,ED3-8,SK,2008,89.9,
ESTAT:TESEM240(1.0),15/02/23 23:00:00,A,T,Y25-64,PC,ED3-8,SK,2009,90.9,
ESTAT:TESEM240(1.0),15/02/23 23:00:00,A,T,Y25-64,PC,ED3-8,SK,2010,91.0,
ESTAT:TESEM240(1.0),15/02/23 23:00:00,A,T,Y25-64,PC,ED3-8,SK,2011,91.3,b
ESTAT:TESEM240(1.0),15/02/23 23:00:00,A,T,Y25-64,PC,ED3-8,SK,2012,91.7,
ESTAT:TESEM240(1.0),15/02/23 23:00:00,A,T,Y25-64,PC,ED3-8,SK,2013,91.9,
ESTAT:TESEM240(1.0),15/02/23 23:00:00,A,T,Y25-64,PC,ED3-8,SK,2014,91.0,b
ESTAT:TESEM240(1.0),15/02/23 23:00:00,A,T,Y25-64,PC,ED3-8,SK,2015,91.4,
ESTAT:TESEM240(1.0),15/02/23 23:00:00,A,T,Y25-64,PC,ED3-8,SK,2016,91.9,
ESTAT:TESEM240(1.0),15/02/23 23:00:00,A,T,Y25-64,PC,ED3-8,SK,2017,91.4,
ESTAT:TESEM240(1.0),15/02/23 23:00:00,A,T,Y25-64,PC,ED3-8,SK,2018,91.7,
ESTAT:TESEM240(1.0),15/02/23 23:00:00,A,T,Y25-64,PC,ED3-8,SK,2019,91.4,
ESTAT:TESEM240(1.0),15/02/23 23:00:00,A,T,Y25-64,PC,ED3-8,SK,2020,92.7,
ESTAT:TESEM240(1.0),15/02/23 23:00:00,A,T,Y25-64,PC,ED3-8,SK,2021,93.3,b
ESTAT:TESEM240(1.0),15/02/23 23:00:00,A,T,Y25-64,PC,ED3-8,TR,2006,26.1,
ESTAT:TESEM240(1.0),15/02/23 23:00:00,A,T,Y25-64,PC,ED3-8,TR,2007,26.6,
ESTAT:TESEM240(1.0),15/02/23 23:00:00,A,T,Y25-64,PC,ED3-8,TR,2008,27.4,
ESTAT:TESEM240(1.0),15/02/23 23:00:00,A,T,Y25-64,PC,ED3-8,TR,2009,28.2,
ESTAT:TESEM240(1.0),15/02/23 23:00:00,A,T,Y25-64,PC,ED3-8,TR,2010,28.4,
ESTAT:TESEM240(1.0),15/02/23 23:00:00,A,T,Y25-64,PC,ED3-8,TR,2011,29.2,
ESTAT:TESEM240(1.0),15/02/23 23:00:00,A,T,Y25-64,PC,ED3-8,TR,2012,30.9,
ESTAT:TESEM240(1.0),15/02/23 23:00:00,A,T,Y25-64,PC,ED3-8,TR,2013,31.9,
ESTAT:TESEM240(1.0),15/02/23 23:00:00,A,T,Y25-64,PC,ED3-8,TR,2014,32.6,b
ESTAT:TESEM240(1.0),15/02/23 23:00:00,A,T,Y25-64,PC,ED3-8,TR,2015,34.2,
ESTAT:TESEM240(1.0),15/02/23 23:00:00,A,T,Y25-64,PC,ED3-8,TR,2016,35.6,
ESTAT:TESEM240(1.0),15/02/23 23:00:00,A,T,Y25-64,PC,ED3-8,TR,2017,36.4,
ESTAT:TESEM240(1.0),15/02/23 23:00:00,A,T,Y25-64,PC,ED3-8,TR,2018,37.4,
ESTAT:TESEM240(1.0),15/02/23 23:00:00,A,T,Y25-64,PC,ED3-8,TR,2019,38.9,
ESTAT:TESEM240(1.0),15/02/23 23:00:00,A,T,Y25-64,PC,ED3-8,TR,2020,40.7,
ESTAT:TESEM240(1.0),15/02/23 23:00:00,A,T,Y25-64,PC,ED3-8,UK,2005,71.8,
ESTAT:TESEM240(1.0),15/02/23 23:00:00,A,T,Y25-64,PC,ED3-8,UK,2006,72.7,
ESTAT:TESEM240(1.0),15/02/23 23:00:00,A,T,Y25-64,PC,ED3-8,UK,2007,73.4,b
ESTAT:TESEM240(1.0),15/02/23 23:00:00,A,T,Y25-64,PC,ED3-8,UK,2008,73.4,b
ESTAT:TESEM240(1.0),15/02/23 23:00:00,A,T,Y25-64,PC,ED3-8,UK,2009,74.5,
ESTAT:TESEM240(1.0),15/02/23 23:00:00,A,T,Y25-64,PC,ED3-8,UK,2010,76.1,b
ESTAT:TESEM240(1.0),15/02/23 23:00:00,A,T,Y25-64,PC,ED3-8,UK,2011,76.4,b
ESTAT:TESEM240(1.0),15/02/23 23:00:00,A,T,Y25-64,PC,ED3-8,UK,2012,77.9,
ESTAT:TESEM240(1.0),15/02/23 23:00:00,A,T,Y25-64,PC,ED3-8,UK,2013,78.3,
ESTAT:TESEM240(1.0),15/02/23 23:00:00,A,T,Y25-64,PC,ED3-8,UK,2014,79.2,b
ESTAT:TESEM240(1.0),15/02/23 23:00:00,A,T,Y25-64,PC,ED3-8,UK,2015,79.7,
ESTAT:TESEM240(1.0),15/02/23 23:00:00,A,T,Y25-64,PC,ED3-8,UK,2016,79.5,
ESTAT:TESEM240(1.0),15/02/23 23:00:00,A,T,Y25-64,PC,ED3-8,UK,2017,80.1,
ESTAT:TESEM240(1.0),15/02/23 23:00:00,A,T,Y25-64,PC,ED3-8,UK,2018,80.4,
ESTAT:TESEM240(1.0),15/02/23 23:00:00,A,T,Y25-64,PC,ED3-8,UK,2019,81.1,
